PLAYER_ID,PLAYER_NAME,FIRST_NAME,LAST_NAME,POSITION,DRAFT_YEAR,HEIGHT_WO_SHOES,WEIGHT,WINGSPAN,STANDING_REACH,BODY_FAT_PCT,HAND_LENGTH,HAND_WIDTH,LANE_AGILITY_TIME,THREE_QUARTER_SPRINT,STANDING_VERTICAL_LEAP,MAX_VERTICAL_LEAP,MODIFIED_LANE_AGILITY_TIME,GAMES_PLAYED,MINUTES,POINTS,REBOUNDS,ASSISTS,STEALS,BLOCKS,TURNOVERS,FIELD_GOAL_PCT,THREE_POINT_PCT,FREE_THROW_PCT,WINGSPAN_INCHES,STANDING_REACH_INCHES,PRA_PERMIN,SEASON,HEIGHT_W_SHOES
1630639,AJ Lawson,AJ,Lawson,SG-SF,2021,77.5,179.2,78.75,99.5,4.4,8.5,9.25,11.0,2.98,33.0,41.0,3.01,1.0,2.0,2.0,1.0,0.0,0.0,0.0,0.0,1.0,0.0,0.0,78.75,99.5,1.5,2021,78.75
203932,Aaron Gordon,Aaron,Gordon,PF,2014,79.5,220.1,83.75,105.0,5.05,8.75,10.5,10.81,3.27,32.5,39.0,2.76,47.0,17.0,5.2,3.6,0.7,0.4,0.5,0.8,0.447,0.271,0.721,83.75,105.0,0.5588235294117647,2014,80.75
1626151,Aaron Harrison,Aaron,Harrison,SG,2015,76.5,209.2,80.25,100.5,6.0,8.75,10.0,,3.27,28.5,34.5,,21.0,4.4,0.9,0.7,0.1,0.3,0.0,0.2,0.263,0.3,0.417,80.25,100.5,0.3863636363636363,2015,78.0
1630565,Aaron Henry,Aaron,Henry,SF,2021,76.5,209.6,82.75,103.5,5.6,8.5,9.25,11.68,3.07,29.0,35.0,3.18,6.0,2.8,0.3,0.2,0.0,0.0,0.3,0.3,0.2,0.0,0.0,82.75,103.5,0.1785714285714285,2021,78.0
1628988,Aaron Holiday,Aaron,Holiday,PG,2018,71.75,187.0,79.5,97.0,6.4,8.75,8.5,10.96,3.27,25.5,33.0,3.22,50.0,12.9,5.9,1.3,1.7,0.4,0.3,0.8,0.401,0.339,0.82,79.5,97.0,0.689922480620155,2018,72.75
1630598,Aaron Wiggins,Aaron,Wiggins,SG-SF,2021,76.5,190.0,81.75,103.0,5.0,8.75,8.5,11.2,3.04,29.5,36.0,3.0,50.0,24.2,8.3,3.6,1.4,0.6,0.2,1.1,0.463,0.304,0.729,81.75,103.0,0.5495867768595042,2021,77.0
1641745,Adam Flagler,Adam,Flagler,PG,2023,73.0,191.8,76.5,97.0,,8.0,9.25,10.96,3.24,31.0,36.0,,2.0,7.0,1.5,0.0,2.0,0.0,0.0,0.0,0.143,0.167,0.0,76.5,97.0,0.5,2023,
1641766,Adama Sanogo,Adama,Sanogo,C,2023,79.25,257.8,86.75,108.5,,9.75,10.0,11.5,3.31,28.5,31.0,,9.0,7.3,4.0,4.0,0.0,0.1,0.0,0.6,0.519,0.0,0.667,86.75,108.5,1.095890410958904,2023,
1641737,Adem Bona,Adem,Bona,C,2023,80.25,243.4,,110.5,,9.25,10.0,,,,,,53.0,14.2,5.0,3.8,0.4,0.4,1.1,0.9,0.707,0.0,0.684,,110.5,0.6478873239436621,2023,
1629678,Admiral Schofield,Admiral,Schofield,SF,2019,76.0,240.6,81.75,102.5,6.8,8.75,9.0,10.77,3.37,30.0,34.0,2.87,33.0,11.2,3.0,1.4,0.5,0.2,0.1,0.2,0.38,0.311,0.667,81.75,102.5,0.4375,2019,77.25
203940,Adreian Payne,Adreian,Payne,PF,2014,81.0,238.5,88.0,109.0,7.55,9.25,9.5,,,,,,3.0,6.3,1.7,1.3,0.0,0.3,0.0,0.0,0.286,0.0,0.5,88.0,109.0,0.4761904761904762,2014,81.75
1626210,Alan Williams,Alan,Williams,PF,2015,79.25,261.4,85.75,106.5,12.0,8.5,9.5,12.26,3.5,25.5,28.5,3.54,10.0,6.8,2.9,3.8,0.5,0.4,0.5,0.6,0.417,0.0,0.643,85.75,106.5,1.0588235294117647,2015,80.25
1628409,Alec Peters,Alec,Peters,PF,2017,79.25,232.0,82.75,105.0,8.8,8.75,10.0,,,,,,20.0,11.3,4.1,1.9,0.6,0.1,0.1,0.2,0.378,0.31,0.8,82.75,105.0,0.5840707964601769,2017,80.75
203945,Alex Kirk,Alex,Kirk,PF,2014,81.25,252.0,87.5,109.5,13.6,9.25,10.5,11.2,3.48,28.5,31.5,3.19,5.0,2.8,0.8,0.2,0.2,0.0,0.0,0.0,0.25,0.0,1.0,87.5,109.5,0.4285714285714286,2014,82.75
1628993,Alize Johnson,Alize,Johnson,PF,2018,79.25,216.6,80.75,103.0,8.1,8.5,9.75,11.83,3.38,25.0,31.0,3.28,14.0,4.6,0.9,1.4,0.1,0.1,0.2,0.0,0.25,0.5,0.5,80.75,103.0,0.5217391304347826,2018,80.0
1629019,Allonzo Trier,Allonzo,Trier,SG,2018,75.75,198.0,78.75,98.0,4.95,8.25,10.5,11.02,3.14,32.0,40.0,2.97,64.0,22.8,10.9,3.1,1.9,0.4,0.2,1.8,0.448,0.394,0.803,78.75,98.0,0.6973684210526315,2018,77.25
1631214,Alondes Williams,Alondes,Williams,SG,2022,75.75,209.0,79.0,102.0,7.2,8.5,9.25,10.96,3.15,30.0,35.5,3.11,1.0,5.0,0.0,1.0,0.0,0.0,0.0,2.0,0.0,0.0,0.0,79.0,102.0,0.2,2022,77.0
1641735,Amari Bailey,Amari,Bailey,SG,2023,75.25,190.8,79.0,103.5,,8.0,9.25,11.34,3.19,28.5,35.0,,10.0,6.5,2.3,0.9,0.7,0.3,0.0,0.4,0.333,0.125,0.857,79.0,103.5,0.5999999999999999,2023,
1641708,Amen Thompson,Amen,Thompson,SG,2023,77.75,214.2,84.0,103.5,,8.5,8.5,,,,,,62.0,22.4,9.5,6.6,2.6,1.3,0.6,1.5,0.536,0.138,0.684,84.0,103.5,0.8348214285714287,2023,
1641748,Andre Jackson Jr.,Andre,Jackson Jr.,SF,2023,77.5,198.4,81.75,103.0,,8.25,9.5,10.83,3.14,30.5,39.5,,57.0,10.0,2.2,2.0,0.9,0.3,0.1,0.5,0.5,0.37,0.727,81.75,103.0,0.51,2023,
1626150,Andrew Harrison,Andrew,Harrison,PG,2015,76.5,213.2,81.0,100.0,5.9,8.25,9.25,11.2,3.34,26.5,33.0,,72.0,20.5,5.9,1.9,2.8,0.7,0.3,1.2,0.325,0.276,0.763,81.0,100.0,0.5170731707317073,2015,77.5
1629614,Andrew Nembhard,Andrew,Nembhard,PG,2022,75.0,195.6,77.75,99.0,4.4,8.0,9.5,10.46,3.26,26.5,35.0,3.02,75.0,27.7,9.5,2.7,4.5,0.9,0.2,1.7,0.441,0.35,0.79,77.75,99.0,0.6028880866425993,2022,76.5
1629014,Anfernee Simons,Anfernee,Simons,SG-PG,2018,74.25,183.2,81.25,99.5,7.7,8.75,9.0,11.27,3.1,32.0,41.5,3.16,20.0,7.1,3.8,0.7,0.7,0.1,0.0,0.6,0.444,0.345,0.563,81.25,99.5,0.7323943661971831,2018,75.25
1641710,Anthony Black,Anthony,Black,PG,2023,77.75,210.0,79.5,102.5,,8.25,9.5,11.04,3.35,32.0,39.0,,69.0,16.9,4.6,2.0,1.3,0.5,0.3,0.8,0.466,0.394,0.613,79.5,102.5,0.4674556213017751,2023,
1626148,Anthony Brown,Anthony,Brown,SF-SG,2015,77.75,211.0,83.0,104.5,6.1,8.5,9.0,10.94,3.18,27.5,34.5,3.29,29.0,20.7,4.0,2.4,0.7,0.5,0.2,0.5,0.31,0.286,0.85,83.0,104.5,0.3429951690821256,2015,79.25
1630574,Ariel Hukporti,Ariel,Hukporti,C,2021,82.75,246.0,86.5,111.5,8.1,9.5,9.5,12.2,3.12,24.5,31.0,3.53,25.0,8.7,1.9,2.0,0.4,0.0,0.6,0.8,0.677,0.0,0.462,86.5,111.5,0.4942528735632184,2021,84.0
1630204,Ashton Hagans,Ashton,Hagans,PG,2020,73.5,193.0,80.0,99.5,4.1,9.0,9.0,10.82,3.13,29.5,36.5,2.5,2.0,2.0,0.0,0.0,0.0,0.0,0.0,0.5,0.0,0.0,0.0,80.0,99.5,0.0,2020,74.5
1641709,Ausar Thompson,Ausar,Thompson,SG,2023,77.75,218.2,84.0,104.0,,8.75,9.25,,,,,,63.0,25.1,8.8,6.4,1.9,1.1,0.9,1.3,0.483,0.186,0.597,84.0,104.0,0.6812749003984064,2023,
1630559,Austin Reaves,Austin,Reaves,SG,2021,76.5,197.2,78.25,101.0,11.0,8.0,8.25,10.94,3.07,25.0,35.0,3.19,61.0,23.2,7.3,3.2,1.8,0.5,0.3,0.7,0.459,0.317,0.839,78.25,101.0,0.5301724137931035,2021,77.75
1630245,Ayo Dosunmu,Ayo,Dosunmu,SG,2021,75.5,194.4,82.25,102.0,4.9,8.5,8.75,11.51,3.23,27.0,33.5,3.27,77.0,27.4,8.8,2.8,3.3,0.8,0.4,1.4,0.52,0.376,0.679,82.25,102.0,0.5437956204379563,2021,77.0
1627791,Ben Bentil,Ben,Bentil,PF,2016,79.25,229.2,85.5,105.0,9.7,9.5,10.0,11.16,3.3,29.0,33.0,3.1,3.0,3.3,0.0,0.7,0.0,0.0,0.0,0.3,0.0,0.0,0.0,85.5,105.0,0.2121212121212121,2016,80.25
1641767,Ben Sheppard,Ben,Sheppard,SG,2023,77.25,194.6,79.75,100.0,,8.5,9.5,10.88,3.17,29.5,35.5,2.98,57.0,14.3,4.4,1.6,0.9,0.6,0.0,0.3,0.393,0.314,0.885,79.75,100.0,0.4825174825174825,2023,
1631097,Bennedict Mathurin,Bennedict,Mathurin,SG,2022,76.5,204.6,81.0,104.0,5.7,8.5,9.75,,,,,,78.0,28.5,16.7,4.1,1.5,0.6,0.2,1.9,0.434,0.323,0.828,81.0,104.0,0.7824561403508771,2022,78.0
1631104,Blake Wesley,Blake,Wesley,SG,2022,75.0,187.2,81.25,103.0,5.6,8.25,9.0,11.55,3.21,30.0,36.0,3.25,37.0,18.1,5.0,2.2,2.6,0.7,0.1,1.8,0.321,0.385,0.591,81.25,103.0,0.5414364640883977,2022,76.25
1626171,Bobby Portis,Bobby,Portis,PF,2015,81.5,246.2,86.0,108.5,8.9,9.5,9.25,11.78,3.56,25.0,31.5,3.28,62.0,17.8,7.0,5.4,0.8,0.4,0.4,0.9,0.427,0.308,0.727,86.0,108.5,0.7415730337078652,2015,82.5
1629626,Bol Bol,Bol,Bol,C,2019,84.75,208.0,91.0,115.5,7.1,9.25,9.5,,,,,,7.0,12.4,5.7,2.7,0.9,0.3,0.9,1.4,0.5,0.444,0.8,91.0,115.5,0.75,2019,86.5
1626183,Branden Dawson,Branden,Dawson,PF,2015,77.5,230.2,83.0,105.0,5.8,9.0,8.75,12.22,3.2,28.5,34.5,3.53,6.0,4.8,0.8,0.7,0.0,0.0,0.2,0.0,0.4,0.0,1.0,83.0,105.0,0.3125,2015,78.75
1641764,Brandin Podziemski,Brandin,Podziemski,SG,2023,75.75,203.8,77.5,96.5,,8.25,10.0,11.16,3.21,31.5,39.0,3.2,74.0,26.6,9.2,5.8,3.7,0.8,0.2,1.2,0.454,0.385,0.633,77.5,96.5,0.7030075187969924,2023,
1630527,Brandon Boston Jr.,Brandon,Boston Jr.,SF,2021,77.75,188.0,82.75,104.0,6.0,9.0,9.75,,,,,,51.0,14.9,6.7,2.2,1.0,0.5,0.3,0.6,0.385,0.306,0.819,82.75,104.0,0.6644295302013423,2021,79.0
1629634,Brandon Clarke,Brandon,Clarke,SF,2019,79.25,207.2,80.25,102.0,4.9,8.25,9.5,10.61,3.15,34.0,40.5,3.05,58.0,22.4,12.1,5.9,1.4,0.6,0.8,0.9,0.618,0.359,0.759,80.25,102.0,0.8660714285714286,2019,80.25
1628968,Brian Bowen,Brian,Bowen,SG-SF,2018,78.25,202.0,82.25,103.5,7.6,9.0,10.0,11.58,3.28,30.5,34.0,3.33,6.0,5.2,1.0,1.2,0.0,0.0,0.2,0.2,0.3,0.0,0.0,82.25,103.5,0.4230769230769231,2018,79.5
1628968,Brian Bowen II,Brian,Bowen II,SF,2019,78.25,200.0,82.0,103.0,6.5,8.5,9.75,10.98,3.26,32.0,35.5,3.21,6.0,5.2,1.0,1.2,0.0,0.0,0.2,0.2,0.3,0.0,0.0,82.0,103.0,0.4230769230769231,2019,79.5
1627744,Brice Johnson,Brice,Johnson,PF,2016,81.0,208.6,84.5,106.5,7.5,9.0,8.25,11.88,3.2,33.5,38.0,2.94,3.0,3.0,1.3,1.0,0.3,0.7,0.3,0.3,0.286,0.0,0.0,84.5,106.5,0.8666666666666666,2016,82.5
1628971,Bruce Brown,Bruce,Brown,SG-PG,2018,75.5,194.6,81.0,98.5,3.75,8.5,8.5,11.11,3.2,32.5,38.0,3.44,74.0,19.6,4.3,2.5,1.2,0.5,0.5,0.6,0.398,0.258,0.75,81.0,98.5,0.4081632653061224,2018,77.0
1628981,Bruno Fernando,Bruno,Fernando,C,2018,80.75,233.2,88.25,109.0,5.25,9.5,10.0,12.19,3.23,29.0,35.0,3.03,56.0,12.7,4.3,3.5,0.9,0.3,0.3,0.8,0.518,0.135,0.569,88.25,109.0,0.6850393700787402,2018,81.75
1628981,Bruno Fernando,Bruno,Fernando,C,2019,80.75,237.0,87.25,110.0,5.4,9.25,10.0,11.29,3.21,29.5,33.5,3.05,56.0,12.7,4.3,3.5,0.9,0.3,0.3,0.8,0.518,0.135,0.569,87.25,110.0,0.6850393700787402,2019,82.25
1631121,Bryce McGowens,Bryce,McGowens,SG,2022,77.25,181.2,80.75,103.5,5.4,8.75,9.5,11.12,3.27,29.5,34.0,3.16,46.0,17.1,5.3,2.0,1.2,0.3,0.1,0.9,0.396,0.325,0.75,80.75,103.5,0.4970760233918128,2022,78.5
1627741,Buddy Hield,Buddy,Hield,SG,2016,75.75,212.4,81.25,101.0,6.1,8.5,9.0,,,,,,57.0,20.4,8.6,2.9,1.4,0.3,0.1,0.8,0.393,0.369,0.879,81.25,101.0,0.6323529411764707,2016,77.0
203912,C.J. Wilcox,C.J.,Wilcox,SG,2014,75.5,201.0,81.75,100.5,6.5,8.75,9.0,11.3,3.22,31.0,37.5,2.92,21.0,4.8,2.0,0.3,0.4,0.1,0.0,0.5,0.421,0.368,1.0,81.75,100.5,0.5625,2014,77.0
1629604,CJ Elleby,CJ,Elleby,SG-SF,2020,77.5,198.6,79.25,100.5,4.2,8.75,10.0,11.25,3.25,30.5,36.5,2.63,30.0,6.4,2.3,1.1,0.3,0.2,0.1,0.2,0.379,0.206,0.733,79.25,100.5,0.5781249999999999,2020,78.2
1628997,Caleb Martin,Caleb,Martin,SF-SG,2018,76.75,195.8,82.0,101.5,7.0,8.5,8.75,10.43,3.26,29.0,36.5,2.75,18.0,17.6,6.2,2.1,1.3,0.7,0.4,0.8,0.44,0.541,0.81,82.0,101.5,0.5454545454545455,2018,78.0
1628403,Caleb Swanigan,Caleb,Swanigan,PF,2016,79.5,246.6,87.5,107.0,12.55,9.0,10.25,12.8,,26.0,29.0,,27.0,7.0,2.3,2.0,0.5,0.2,0.1,0.7,0.4,0.125,0.667,87.5,107.0,0.6857142857142857,2016,80.5
1628403,Caleb Swanigan,Caleb,Swanigan,PF,2017,79.5,245.6,87.0,108.0,,9.5,10.25,,,,,,27.0,7.0,2.3,2.0,0.5,0.2,0.1,0.7,0.4,0.125,0.667,87.0,108.0,0.6857142857142857,2017,80.5
1641715,Cam Whitmore,Cam,Whitmore,SF,2023,77.75,235.0,80.5,103.5,,8.0,8.25,10.82,3.2,31.5,40.5,3.33,47.0,18.7,12.3,3.8,0.7,0.6,0.4,1.0,0.454,0.359,0.679,80.5,103.5,0.8983957219251337,2023,
203946,Cameron Bairstow,Cameron,Bairstow,PF,2014,80.75,252.4,84.75,107.0,8.7,8.75,9.0,11.39,3.37,31.0,33.5,3.09,18.0,3.6,0.6,0.4,0.1,0.1,0.1,0.2,0.214,0.0,0.8,84.75,107.0,0.3055555555555556,2014,81.75
1629661,Cameron Johnson,Cameron,Johnson,SG,2019,79.0,205.2,82.0,103.0,5.8,8.0,8.5,10.52,3.26,30.5,36.5,3.28,57.0,22.0,8.8,3.3,1.2,0.6,0.4,0.6,0.435,0.39,0.807,82.0,103.0,0.6045454545454546,2019,80.5
1628419,Cameron Oliver,Cameron,Oliver,PF,2017,79.0,238.6,85.25,106.5,7.7,9.5,10.25,12.17,3.16,28.0,39.5,3.31,4.0,21.8,10.8,5.3,1.3,0.5,1.0,0.8,0.576,0.308,0.25,85.25,106.5,0.798165137614679,2017,80.25
1626166,Cameron Payne,Cameron,Payne,PG,2015,72.75,182.8,79.25,97.5,6.3,8.5,8.25,10.9,3.28,29.75,35.5,2.93,57.0,12.2,5.0,1.5,1.9,0.6,0.1,0.8,0.41,0.324,0.792,79.25,97.5,0.6885245901639345,2015,73.5
1629629,Cameron Reddish,Cameron,Reddish,SF,2019,78.5,207.8,84.5,105.5,4.7,9.0,9.0,,,,,,58.0,26.7,10.5,3.7,1.5,1.1,0.5,1.7,0.384,0.332,0.802,84.5,105.5,0.5880149812734082,2019,80.0
1627747,Caris LeVert,Caris,LeVert,SG,2016,77.75,191.0,82.0,101.0,7.55,8.5,9.25,,,,,,57.0,21.7,8.2,3.3,1.9,0.9,0.1,1.0,0.45,0.321,0.72,82.0,101.0,0.6175115207373272,2016,79.0
1630637,Carlik Jones,Carlik,Jones,PG,2021,72.0,173.6,77.0,97.5,4.5,8.25,9.0,10.96,3.16,31.5,36.0,3.23,3.0,6.3,0.7,1.0,1.7,0.3,0.0,1.0,0.0,0.0,1.0,77.0,97.5,0.5396825396825397,2021,73.0
1629035,Carsen Edwards,Carsen,Edwards,PG,2018,70.75,195.6,78.25,94.5,6.3,8.5,9.25,11.59,3.2,28.5,34.5,3.15,37.0,9.5,3.3,1.3,0.6,0.3,0.1,0.4,0.328,0.316,0.684,78.25,94.5,0.5473684210526315,2018,72.0
1641717,Cason Wallace,Cason,Wallace,PG,2023,74.5,195.2,80.5,101.0,,8.5,9.25,10.82,3.34,28.0,36.0,,82.0,20.6,6.8,2.3,1.5,0.9,0.5,0.5,0.491,0.419,0.784,80.5,101.0,0.5145631067961165,2023,
1630199,Cassius Stanley,Cassius,Stanley,SG,2020,77.0,201.6,79.0,99.5,5.8,8.25,9.0,11.4,3.09,34.5,44.0,2.43,24.0,3.9,1.5,0.8,0.0,0.0,0.1,0.0,0.302,0.231,0.778,79.0,99.5,0.5897435897435898,2020,78.2
1630216,Cassius Winston,Cassius,Winston,PG,2020,72.5,196.0,78.0,97.0,9.0,8.75,8.25,11.15,3.61,24.0,28.0,2.74,22.0,4.5,1.9,0.4,0.5,0.1,0.0,0.2,0.424,0.471,0.833,78.0,97.0,0.6222222222222222,2020,73.5
1627760,Cat Barber,Cat,Barber,PG,2016,73.5,173.0,77.5,95.5,4.5,8.0,8.5,,,,,,3.0,4.3,0.0,1.0,1.0,0.0,0.0,0.3,0.0,0.0,0.0,77.5,95.5,0.4651162790697674,2016,74.75
1629646,Charles Bassey,Charles,Bassey,C,2019,80.75,239.0,87.5,109.5,8.5,9.25,9.5,12.65,3.53,29.0,33.0,3.27,23.0,7.3,3.0,2.7,0.3,0.2,0.7,0.3,0.638,0.0,0.75,87.5,109.5,0.8219178082191781,2019,82.0
1629646,Charles Bassey,Charles,Bassey,C,2021,81.25,230.2,87.0,107.5,5.9,9.0,9.5,12.19,3.13,33.0,36.0,3.33,23.0,7.3,3.0,2.7,0.3,0.2,0.7,0.3,0.638,0.0,0.75,87.0,107.5,0.8219178082191781,2021,82.25
1626184,Chasson Randle,Chasson,Randle,PG,2015,72.25,178.8,79.0,96.5,4.5,8.5,9.5,10.63,3.2,33.5,39.5,2.81,8.0,9.3,5.3,0.6,0.8,0.4,0.1,0.4,0.462,0.4,1.0,79.0,96.5,0.7204301075268816,2015,73.5
1627767,Cheick Diallo,Cheick,Diallo,PF,2016,79.5,218.6,88.5,107.5,5.6,8.5,9.75,11.24,3.26,31.0,35.0,3.3,17.0,11.7,5.1,4.3,0.2,0.2,0.4,0.4,0.474,0.0,0.714,88.5,107.5,0.8205128205128204,2016,81.0
1629002,Chimezie Metu,Chimezie,Metu,PF-C,2018,80.5,219.6,84.5,108.0,5.05,9.0,9.25,11.89,3.33,29.5,36.0,3.25,29.0,5.0,1.8,1.2,0.4,0.2,0.1,0.5,0.328,0.0,0.765,84.5,108.0,0.6799999999999999,2018,81.5
1627778,Chinanu Onuaku,Chinanu,Onuaku,C,2016,81.0,245.2,86.75,108.5,8.55,9.0,8.0,11.65,3.5,27.5,33.5,3.0,5.0,10.4,2.8,2.0,0.6,0.6,0.2,0.8,0.714,0.0,1.0,86.75,108.5,0.5192307692307692,2016,82.0
1628449,Chris Boucher,Chris,Boucher,PF,2017,80.0,182.2,88.0,110.5,5.4,9.25,10.5,,,,,,1.0,1.0,0.0,1.0,0.0,0.0,0.0,0.0,0.0,0.0,0.0,88.0,110.5,1.0,2017,81.5
1641753,Chris Livingston,Chris,Livingston,SF,2023,78.0,219.2,83.25,104.5,,8.5,9.0,11.65,3.27,30.5,37.0,,21.0,4.3,1.2,1.0,0.2,0.1,0.0,0.2,0.5,0.2,0.75,83.25,104.5,0.558139534883721,2023,
1626191,Chris McCullough,Chris,McCullough,PF,2015,80.25,199.0,87.25,109.0,6.2,8.75,8.75,,,,,,24.0,15.1,4.7,2.8,0.4,1.2,0.5,0.6,0.404,0.382,0.478,87.25,109.0,0.5231788079470199,2015,81.0
1631128,Christian Braun,Christian,Braun,SG,2022,77.5,209.2,78.5,99.5,6.2,8.0,8.5,11.0,3.16,33.5,40.0,3.13,76.0,15.5,4.7,2.4,0.8,0.5,0.2,0.5,0.495,0.354,0.625,78.5,99.5,0.5096774193548387,2022,79.0
1631132,Christian Koloko,Christian,Koloko,C,2022,82.75,221.0,89.25,113.0,5.7,9.0,10.75,11.3,3.27,28.0,33.5,3.19,58.0,13.8,3.1,2.9,0.5,0.4,1.0,0.3,0.48,0.083,0.627,89.25,113.0,0.4710144927536231,2022,84.0
1626174,Christian Wood,Christian,Wood,PF,2015,81.25,216.0,87.25,111.5,14.7,9.25,10.75,,,,,,17.0,8.5,3.6,2.2,0.2,0.3,0.4,0.1,0.415,0.364,0.619,87.25,111.5,0.7058823529411766,2015,82.5
203921,Cleanthony Early,Cleanthony,Early,SF,2014,78.0,209.4,82.75,101.5,4.45,8.5,9.0,11.15,3.18,34.0,40.0,2.96,39.0,16.6,5.4,2.5,0.9,0.6,0.3,1.0,0.355,0.262,0.75,82.75,101.5,0.5301204819277109,2014,79.25
1626146,Cliff Alexander,Cliff,Alexander,PF-C,2015,79.25,239.2,87.5,109.5,5.8,9.5,10.25,,,,,,8.0,4.5,1.3,0.8,0.0,0.1,0.3,0.1,0.5,0.0,0.0,87.5,109.5,0.4666666666666667,2015,80.5
1629632,Coby White,Coby,White,PG,2019,75.5,191.4,77.0,97.5,4.3,7.75,9.0,,,,,,65.0,25.8,13.2,3.5,2.7,0.8,0.1,1.7,0.394,0.354,0.791,77.0,97.5,0.7519379844961239,2019,76.75
1628998,Cody Martin,Cody,Martin,SG-SF,2018,76.75,188.6,82.25,102.5,5.45,8.5,9.0,10.64,3.09,29.0,36.5,3.05,48.0,18.8,5.0,3.3,2.0,0.8,0.2,0.9,0.43,0.234,0.646,82.25,102.5,0.5478723404255319,2018,78.0
1628998,Cody Martin,Cody,Martin,PG-SG,2019,76.75,192.2,82.25,102.5,5.0,8.25,9.0,10.44,3.32,28.0,35.5,2.99,48.0,18.8,5.0,3.3,2.0,0.8,0.2,0.9,0.43,0.234,0.646,82.25,102.5,0.5478723404255319,2019,77.5
1641732,Colby Jones,Colby,Jones,SG,2023,76.5,199.2,80.0,103.0,,8.25,8.5,11.14,3.33,30.5,35.0,3.13,30.0,6.4,2.1,1.3,0.7,0.2,0.2,0.3,0.394,0.091,0.545,80.0,103.0,0.640625,2023,
1631221,Collin Gillespie,Collin,Gillespie,PG,2022,73.5,195.8,76.0,98.0,8.6,8.25,9.0,10.95,3.21,26.5,33.0,3.01,24.0,9.4,3.6,0.9,1.1,0.5,0.0,0.6,0.464,0.395,0.667,76.0,98.0,0.5957446808510638,2022,74.75
1629012,Collin Sexton,Collin,Sexton,PG,2018,72.5,183.0,79.25,98.5,5.6,8.25,8.5,,,,,,82.0,31.8,16.7,2.9,3.0,0.5,0.1,2.3,0.43,0.402,0.839,79.25,98.5,0.710691823899371,2018,73.5
1630557,Corey Kispert,Corey,Kispert,SF,2021,78.0,223.8,79.0,102.0,6.8,8.75,10.0,10.91,3.12,30.0,37.5,2.99,77.0,23.4,8.2,2.7,1.1,0.5,0.3,0.6,0.455,0.35,0.871,79.0,102.0,0.5128205128205128,2021,79.25
203928,Cory Jefferson,Cory,Jefferson,PF,2014,79.75,218.4,84.5,105.0,5.25,8.75,9.75,12.63,3.36,33.0,37.5,3.39,50.0,10.6,3.7,2.9,0.3,0.2,0.4,0.4,0.449,0.133,0.574,84.5,105.0,0.6509433962264151,2014,81.0
1628391,D.J. Wilson,D.J.,Wilson,PF,2017,80.75,234.4,87.0,109.5,6.4,9.25,10.25,,,,,,22.0,3.2,1.0,0.5,0.1,0.1,0.0,0.2,0.563,0.4,0.5,87.0,109.5,0.5,2017,82.5
1626156,D?Angelo Russell,D?Angelo,Russell,PG-SG,2015,75.25,193.4,81.75,102.0,8.3,8.75,9.75,,,,,,80.0,28.2,13.2,3.4,3.3,1.2,0.2,2.5,0.41,0.351,0.737,81.75,102.0,0.7056737588652482,2015,77.0
1629610,DaQuan Jeffries,DaQuan,Jeffries,SF-PF,2019,76.0,215.6,83.25,104.0,3.9,9.5,10.25,,,,,,13.0,10.8,3.8,1.4,0.5,0.3,0.1,0.2,0.5,0.278,0.833,83.25,104.0,0.5277777777777777,2019,77.0
1630227,Daishen Nix,Daishen,Nix,PG,2021,75.0,225.6,78.75,100.0,11.8,8.5,9.0,11.72,3.0,29.5,36.5,3.18,24.0,10.9,3.2,1.4,1.7,0.6,0.0,1.1,0.403,0.269,0.533,78.75,100.0,0.5779816513761468,2021,76.25
1626177,Dakari Johnson,Dakari,Johnson,C,2015,83.0,264.6,86.0,112.0,14.9,9.25,10.5,11.76,3.62,22.5,25.0,2.94,31.0,5.2,1.8,1.1,0.3,0.2,0.3,0.1,0.564,0.0,0.55,86.0,112.0,0.6153846153846154,2015,83.75
1631207,Dalen Terry,Dalen,Terry,SG,2022,78.0,195.2,84.75,106.0,5.4,8.5,9.0,,,,,,38.0,5.6,2.2,1.0,0.6,0.3,0.1,0.2,0.444,0.259,0.667,84.75,106.0,0.6785714285714287,2022,79.25
1627745,Damian Jones,Damian,Jones,C,2016,82.25,243.6,87.75,107.0,6.55,8.75,10.5,11.35,3.2,36.0,37.0,3.12,10.0,8.5,1.9,2.3,0.0,0.1,0.4,0.6,0.5,0.0,0.3,87.75,107.0,0.4941176470588234,2016,83.5
1628422,Damyean Dotson,Damyean,Dotson,SG-SF,2017,76.5,205.2,81.0,100.0,5.3,8.5,9.25,11.18,3.13,31.5,38.0,3.03,44.0,10.8,4.1,1.9,0.7,0.3,0.0,0.4,0.447,0.324,0.696,81.0,100.0,0.6203703703703703,2017,77.5
1629655,Daniel Gafford,Daniel,Gafford,PF,2019,81.25,237.6,86.5,110.0,5.9,9.25,9.25,11.61,3.25,32.5,36.5,3.19,43.0,14.2,5.1,2.5,0.5,0.3,1.3,0.7,0.701,0.0,0.533,86.25,110.0,0.5704225352112676,2019,82.5
1627772,Daniel Hamilton,Daniel,Hamilton,SG-SF,2016,78.25,197.0,81.0,103.5,5.95,9.0,8.5,11.48,3.4,26.0,29.0,3.2,6.0,4.7,2.0,0.8,1.3,0.2,0.0,0.3,0.455,0.4,0.0,81.0,103.5,0.8723404255319148,2016,80.0
203957,Dante Exum,Dante,Exum,SG,2014,76.5,196.3,81.5,103.0,6.4,8.5,9.5,10.75,3.19,31.5,34.5,2.88,82.0,22.2,4.8,1.6,2.4,0.5,0.2,1.4,0.349,0.314,0.625,81.5,103.0,0.3963963963963964,2014,78.0
1641727,Dariq Whitehead,Dariq,Whitehead,SG,2023,77.75,217.2,82.25,103.5,,8.5,10.0,,,,,,2.0,12.0,1.5,2.0,1.5,0.0,0.5,0.0,0.2,0.0,0.5,82.25,103.5,0.4166666666666667,2023,
1629647,Darius Bazley,Darius,Bazley,PF,2019,79.75,208.4,84.0,107.0,3.6,9.0,9.75,11.09,3.27,30.5,37.0,2.95,61.0,18.5,5.6,4.0,0.7,0.4,0.7,0.7,0.394,0.348,0.694,84.0,107.0,0.5567567567567567,2019,81.0
1630561,David Duke Jr.,David,Duke Jr.,SG,2021,76.25,203.6,80.75,102.5,5.9,8.5,9.0,11.21,3.08,30.0,39.0,3.19,22.0,15.5,4.7,3.0,0.8,0.6,0.3,0.4,0.361,0.243,0.81,80.75,102.5,0.5483870967741935,2021,77.5
1630525,David Johnson,David,Johnson,SG,2021,75.25,202.8,82.5,104.0,7.5,8.25,8.5,12.02,3.03,33.0,39.0,3.2,2.0,1.0,0.0,0.0,0.0,0.0,0.0,0.0,0.0,0.0,0.0,82.5,104.0,0.0,2021,76.75
1631223,David Roddy,David,Roddy,PF,2022,76.5,260.8,83.5,105.0,11.6,8.75,10.0,10.75,3.22,27.0,35.5,3.1,70.0,18.0,6.7,2.8,0.8,0.4,0.3,0.8,0.429,0.307,0.631,83.5,105.0,0.5722222222222223,2022,78.0
1630558,Davion Mitchell,Davion,Mitchell,PG,2021,72.0,202.4,76.25,96.5,6.2,8.25,8.75,,,,,,75.0,27.7,11.5,2.2,4.2,0.7,0.3,1.5,0.418,0.316,0.659,76.25,96.5,0.6462093862815884,2021,73.25
1628432,Davon Reed,Davon,Reed,SG-SF,2017,76.5,206.2,84.0,102.0,6.5,9.25,9.5,11.37,3.34,28.5,36.0,3.21,21.0,11.5,3.0,1.9,0.6,0.5,0.1,0.5,0.289,0.289,0.667,84.0,102.0,0.4782608695652174,2017,77.5
1628368,De?Aaron Fox,De?Aaron,Fox,PG,2017,74.0,169.6,78.5,100.0,4.5,8.5,8.5,,,,,,73.0,27.8,11.6,2.8,4.4,1.0,0.3,2.4,0.412,0.307,0.723,78.5,100.0,0.6762589928057553,2017,75.25
1627761,DeAndre Bembry,DeAndre,Bembry,SG-SF,2016,76.25,206.6,81.25,101.0,7.0,8.0,9.25,10.9,3.17,32.0,38.0,2.87,38.0,9.8,2.7,1.6,0.7,0.2,0.1,0.4,0.48,0.056,0.375,81.25,101.0,0.5102040816326531,2016,77.75
1629001,DeAnthony Melton,DeAnthony,Melton,SG-PG,2018,74.25,193.2,80.5,99.5,5.2,8.5,9.5,11.48,3.23,31.0,36.5,3.33,50.0,19.7,5.0,2.7,3.2,1.4,0.5,1.5,0.391,0.305,0.75,80.5,99.5,0.5532994923857868,2018,75.25
1626153,Delon Wright,Delon,Wright,PG,2015,76.25,181.4,79.5,101.5,6.6,8.0,8.5,11.16,3.29,29.5,31.0,3.5,27.0,8.5,3.8,1.4,1.1,0.3,0.1,0.6,0.45,0.385,0.743,79.5,101.5,0.7411764705882352,2015,77.5
1627743,Demetrius Jackson,Demetrius,Jackson,PG,2016,72.0,193.8,77.5,93.0,6.5,8.25,9.0,10.81,3.25,37.5,43.5,2.87,5.0,3.4,2.0,0.8,0.6,0.0,0.0,0.0,0.75,1.0,0.5,77.5,93.0,1.0,2016,73.25
1627756,Denzel Valentine,Denzel,Valentine,SG-SF,2016,76.0,210.4,82.75,102.0,9.2,8.5,9.75,10.51,3.46,27.0,32.0,3.22,57.0,17.1,5.1,2.6,1.1,0.5,0.1,0.9,0.354,0.351,0.778,82.75,102.0,0.5146198830409355,2016,77.75
1631220,Dereon Seabron,Dereon,Seabron,SG,2022,76.75,182.4,80.75,103.5,4.0,8.5,9.5,11.03,3.12,30.5,38.0,3.04,5.0,2.4,0.8,0.2,0.0,0.0,0.0,0.0,0.4,0.0,0.0,80.75,103.5,0.4166666666666667,2022,77.75
1628476,Derrick Walton Jr.,Derrick,Walton Jr.,PG,2017,71.0,188.6,74.5,95.0,5.8,8.0,8.5,11.28,3.29,26.0,32.5,3.12,16.0,9.2,1.8,1.0,1.0,0.4,0.2,0.1,0.32,0.412,1.0,74.5,95.0,0.4130434782608695,2017,72.75
1628401,Derrick White,Derrick,White,PG,2017,75.25,189.8,79.5,101.5,6.2,8.25,8.5,10.84,3.08,31.0,36.5,2.92,17.0,8.2,3.2,1.5,0.5,0.2,0.2,0.4,0.485,0.615,0.7,79.5,101.5,0.6341463414634148,2017,76.5
1626164,Devin Booker,Devin,Booker,SG,2015,76.5,205.8,80.25,102.5,8.3,8.75,9.0,10.27,3.28,27.5,34.5,2.75,76.0,27.7,13.8,2.5,2.6,0.6,0.3,2.1,0.423,0.343,0.84,80.25,102.5,0.6823104693140796,2015,77.75
1628421,Devin Robinson,Devin,Robinson,SF,2017,79.0,189.6,84.75,106.0,3.2,9.25,10.25,12.85,3.23,35.5,41.5,3.61,1.0,13.0,2.0,5.0,0.0,1.0,0.0,0.0,0.333,0.0,0.0,84.75,106.0,0.5384615384615384,2017,80.25
1629653,Devon Dotson,Devon,Dotson,PG,2019,72.0,178.6,75.25,95.5,5.9,8.25,9.5,10.63,3.04,30.0,38.5,2.8,11.0,4.5,2.1,0.5,0.6,0.4,0.0,0.0,0.524,0.143,0.0,75.25,95.5,0.7111111111111111,2019,74.0
1629653,Devon Dotson,Devon,Dotson,PG,2020,72.5,185.2,75.0,95.0,4.6,8.25,10.0,10.44,3.02,31.5,40.5,2.22,11.0,4.5,2.1,0.5,0.6,0.4,0.0,0.0,0.524,0.143,0.0,75.0,95.0,0.7111111111111111,2020,73.7
1628985,Devon Hall,Devon,Hall,SG,2018,76.25,206.4,79.75,102.0,8.45,8.5,10.0,10.95,3.27,25.0,31.0,3.16,11.0,7.4,1.8,0.6,1.2,0.4,0.1,0.5,0.2,0.235,0.5,79.75,102.0,0.4864864864864864,2018,78.0
1628984,Devonte Graham,Devonte,Graham,PG,2018,72.25,186.4,78.25,96.0,4.8,8.5,9.5,11.28,3.21,31.0,37.0,3.15,46.0,14.7,4.7,1.4,2.6,0.5,0.0,0.7,0.343,0.281,0.761,78.25,96.0,0.5918367346938775,2018,73.5
203906,Devyn Marble,Devyn,Marble,SG,2014,77.0,192.4,81.0,102.0,6.9,8.25,8.5,11.32,3.28,29.0,35.0,3.08,16.0,13.0,2.3,1.9,1.1,0.6,0.1,0.6,0.318,0.182,0.313,81.0,102.0,0.4076923076923076,2014,78.5
1629608,Dewan Hernandez,Dewan,Hernandez,C,2019,81.0,232.8,85.75,107.0,6.1,9.5,10.25,11.46,3.28,30.5,35.5,3.25,6.0,4.7,2.3,2.3,0.5,0.2,0.0,0.5,0.357,0.5,0.6,85.75,107.0,1.0851063829787233,2019,82.25
1627738,Deyonta Davis,Deyonta,Davis,PF,2016,81.25,237.2,86.5,108.5,9.7,9.0,9.25,,,,,,36.0,6.6,1.6,1.7,0.1,0.1,0.5,0.2,0.511,0.0,0.556,86.5,108.5,0.5151515151515151,2016,82.5
1627754,Diamond Stone,Diamond,Stone,C,2016,81.0,254.4,86.75,108.5,12.85,8.5,7.75,12.02,3.5,27.0,29.5,3.22,7.0,3.4,1.4,0.9,0.0,0.0,0.1,0.3,0.231,0.0,1.0,86.75,108.5,0.676470588235294,2016,82.25
1628415,Dillon Brooks,Dillon,Brooks,SG-SF,2017,77.0,220.2,78.0,100.5,7.5,8.25,9.25,11.14,3.21,31.0,37.5,3.24,82.0,28.7,11.0,3.1,1.6,0.9,0.2,1.5,0.44,0.356,0.747,78.0,100.5,0.5470383275261324,2017,78.0
1631230,Dominick Barlow,Dominick,Barlow,PF,2022,80.75,221.0,87.0,108.5,5.9,9.0,10.5,11.29,3.33,28.5,34.0,3.19,28.0,14.6,3.9,3.6,0.9,0.4,0.7,0.5,0.535,0.0,0.72,87.0,108.5,0.5753424657534247,2022,81.75
1628378,Donovan Mitchell,Donovan,Mitchell,SG,2017,73.25,211.4,82.0,97.0,5.9,8.5,9.5,11.53,3.01,36.5,40.5,3.07,79.0,33.4,20.5,3.7,3.7,1.5,0.3,2.7,0.437,0.34,0.805,82.0,97.0,0.8353293413173652,2017,75.0
1628978,Donte DiVincenzo,Donte,DiVincenzo,SG,2018,75.5,200.6,78.0,97.5,5.0,8.25,9.0,10.72,3.11,34.5,42.0,3.12,27.0,15.2,4.9,2.4,1.1,0.5,0.2,0.7,0.403,0.265,0.75,78.0,97.5,0.5526315789473685,2018,76.5
1627827,Dorian Finney-Smith,Dorian,Finney-Smith,SF,2016,78.5,212.6,83.75,105.5,6.45,9.0,9.75,11.01,3.27,32.5,35.5,3.04,81.0,20.3,4.3,2.7,0.8,0.6,0.3,0.6,0.372,0.293,0.754,83.75,105.5,0.3842364532019704,2016,79.75
203926,Doug McDermott,Doug,McDermott,SF,2014,78.25,218.0,81.25,103.0,7.1,8.75,9.75,11.1,3.29,28.5,36.5,3.15,36.0,8.9,3.0,1.2,0.2,0.1,0.0,0.5,0.402,0.317,0.667,81.25,103.0,0.4943820224719101,2014,79.75
1631166,Drew Timme,Drew,Timme,C,2022,80.25,231.6,86.0,107.5,15.7,9.0,10.0,11.71,3.38,25.5,31.5,3.31,4.0,24.8,11.3,5.0,1.8,0.8,0.3,1.5,0.541,0.182,0.75,86.0,107.5,0.7298387096774194,2022,81.25
1631166,Drew Timme,Drew,Timme,C,2023,80.75,243.2,85.75,108.5,,9.0,10.0,10.93,3.34,26.0,30.5,,4.0,24.8,11.3,5.0,1.8,0.8,0.3,1.5,0.541,0.182,0.75,85.75,108.5,0.7298387096774194,2023,
1630613,Duane Washington Jr.,Duane,Washington Jr.,SG,2021,74.25,196.8,79.75,101.0,5.1,8.25,8.75,11.5,3.17,29.5,35.5,3.06,48.0,20.2,9.9,1.7,1.8,0.5,0.1,1.2,0.405,0.377,0.754,79.75,101.0,0.6633663366336634,2021,75.75
1628407,Dwayne Bacon,Dwayne,Bacon,SG-SF,2017,76.75,221.6,82.0,103.5,7.9,8.75,10.0,11.7,3.22,30.0,36.5,3.22,53.0,13.5,3.3,2.3,0.7,0.3,0.0,0.4,0.375,0.256,0.8,82.0,103.5,0.4666666666666667,2017,78.25
203939,Dwight Powell,Dwight,Powell,PF,2014,81.5,234.4,84.5,105.0,6.2,9.0,9.25,11.28,3.2,28.5,35.0,2.88,5.0,1.8,1.8,0.2,0.0,0.4,0.0,0.4,0.8,0.0,0.5,84.5,105.0,1.1111111111111112,2014,83.0
1629685,Dylan Windler,Dylan,Windler,SF,2019,78.25,195.8,82.0,104.5,4.6,8.25,9.5,10.7,3.3,29.0,37.5,2.94,31.0,16.5,5.2,3.5,1.1,0.6,0.4,1.0,0.438,0.338,0.778,82.0,104.5,0.5939393939393939,2019,79.5
1630700,Dyson Daniels,Dyson,Daniels,SG,2022,78.0,195.2,82.5,105.0,4.9,8.5,9.75,10.81,3.22,29.0,34.0,2.81,59.0,17.7,3.8,3.2,2.3,0.7,0.2,1.0,0.418,0.314,0.65,82.5,105.0,0.5254237288135594,2022,79.5
1630604,E.J. Liddell,E.J.,Liddell,PF,2022,77.5,243.0,83.75,103.5,12.2,8.25,9.25,11.11,3.26,35.5,38.0,3.23,8.0,2.9,0.5,0.6,0.1,0.3,0.3,0.3,0.167,0.0,1.0,83.75,103.5,0.4137931034482759,2022,79.0
1628410,Edmond Sumner,Edmond,Sumner,PG,2017,76.0,176.4,81.0,102.5,8.3,8.25,9.0,,,,,,1.0,2.0,2.0,1.0,0.0,0.0,0.0,0.0,1.0,0.0,0.0,81.0,102.5,1.5,2017,77.75
1628389,Edrice Adebayo,Edrice,Adebayo,PF-C,2017,80.75,242.6,86.75,108.0,5.2,9.5,8.75,11.94,3.24,33.5,38.5,3.24,69.0,19.8,6.9,5.5,1.5,0.5,0.6,1.0,0.512,0.0,0.721,86.75,108.0,0.702020202020202,2017,75.75
203901,Elfrid Payton,Elfrid,Payton,PG,2014,74.5,185.4,80.0,98.5,5.65,8.75,9.0,11.06,3.23,31.5,35.5,2.92,82.0,30.4,8.9,4.3,6.5,1.7,0.2,2.5,0.425,0.262,0.551,80.0,98.5,0.6480263157894737,2014,75.75
1630190,Elijah Hughes,Elijah,Hughes,SF-SG,2020,76.75,229.0,79.5,101.5,10.2,8.5,8.75,,,,,,18.0,3.6,1.7,0.5,0.3,0.1,0.1,0.3,0.333,0.348,0.75,79.5,101.5,0.6944444444444444,2020,78.5
1641734,Emoni Bates,Emoni,Bates,SF,2023,80.25,179.2,81.0,105.0,,8.0,8.25,11.54,3.49,27.0,32.5,,15.0,8.9,2.7,0.9,0.7,0.1,0.1,0.5,0.306,0.303,0.25,81.0,105.0,0.4831460674157303,2023,
1629672,Eric Paschall,Eric,Paschall,SF,2019,78.0,254.4,87.75,103.5,6.3,9.0,9.5,11.63,3.3,33.0,38.0,3.26,60.0,27.6,14.0,4.6,2.1,0.5,0.2,1.6,0.497,0.287,0.774,83.75,103.5,0.7500000000000001,2019,79.25
1628402,Frank Jackson,Frank,Jackson,PG,2017,74.0,201.6,79.5,98.0,6.7,8.25,9.0,10.94,3.14,34.5,42.0,2.7,61.0,19.2,8.1,2.2,1.1,0.4,0.0,0.8,0.434,0.314,0.74,79.5,98.0,0.59375,2017,75.5
1626163,Frank Kaminsky,Frank,Kaminsky,C-PF,2015,83.75,231.2,83.0,109.5,9.4,8.5,9.5,,,,,,81.0,21.1,7.5,4.1,1.2,0.5,0.5,0.7,0.41,0.337,0.73,83.0,109.5,0.6066350710900473,2015,84.75
1628412,Frank Mason III,Frank,Mason III,PG,2017,71.0,188.8,75.25,94.0,4.3,8.0,9.25,11.41,3.18,34.0,41.0,3.09,52.0,18.9,7.9,2.5,2.8,0.7,0.2,1.3,0.379,0.36,0.817,75.25,94.0,0.6984126984126984,2017,72.0
1641713,GG Jackson,GG,Jackson,PF,2023,80.25,214.4,83.5,106.0,,8.5,10.0,11.39,3.21,31.0,37.0,,48.0,25.7,14.6,4.1,1.2,0.6,0.5,1.4,0.428,0.357,0.752,83.5,106.0,0.7743190661478598,2023,
203914,Gary Harris,Gary,Harris,SG,2014,74.5,204.8,78.75,96.0,4.55,8.5,9.5,,,,,,55.0,13.1,3.4,1.2,0.5,0.7,0.1,0.7,0.304,0.204,0.745,78.75,96.0,0.3893129770992366,2014,76.5
1627780,Gary Payton II,Gary,Payton II,PG,2016,74.0,183.8,80.0,99.5,3.95,8.75,9.5,11.57,3.23,31.5,38.5,3.17,6.0,16.5,3.3,2.0,2.2,0.5,0.7,1.7,0.364,0.111,0.6,80.0,99.5,0.4545454545454545,2016,75.0
1629018,Gary Trent,Gary,Trent,SG,2018,76.25,204.2,80.75,98.0,7.0,8.5,9.5,11.37,3.12,33.5,39.5,2.99,15.0,7.4,2.7,0.7,0.3,0.1,0.1,0.3,0.32,0.238,0.429,80.75,98.0,0.5,2018,77.75
1628994,George King,George,King,SF-SG,2018,76.75,218.6,83.5,101.5,7.25,9.0,10.25,10.75,3.29,31.0,39.0,3.08,1.0,6.0,0.0,1.0,0.0,0.0,0.0,0.0,0.0,0.0,0.0,83.5,101.5,0.1666666666666666,2018,78.0
1627777,Georges Niang,Georges,Niang,PF,2016,78.75,230.8,82.0,103.0,10.05,9.25,9.25,11.64,3.49,25.0,31.0,3.17,23.0,4.0,0.9,0.7,0.2,0.1,0.0,0.2,0.25,0.083,1.0,82.0,103.0,0.45,2016,80.5
203922,Glenn Robinson III,Glenn,Robinson III,SF,2014,77.5,211.4,82.0,100.5,5.05,9.0,9.5,11.22,3.15,36.5,41.5,3.04,25.0,4.3,1.2,0.6,0.1,0.1,0.0,0.1,0.333,0.167,0.75,82.0,100.5,0.4418604651162791,2014,78.75
1641711,Gradey Dick,Gradey,Dick,SG,2023,78.25,204.0,80.75,101.0,,8.25,9.0,11.13,3.5,29.0,34.0,2.98,60.0,21.1,8.5,2.2,1.1,0.6,0.0,0.8,0.425,0.365,0.863,80.75,101.0,0.5592417061611373,2023,
1630203,Grant Riller,Grant,Riller,PG-SG,2020,72.25,178.4,77.25,96.5,5.4,8.0,8.5,11.17,3.07,32.5,39.5,2.45,7.0,3.9,2.6,0.1,0.4,0.1,0.0,0.1,0.667,0.5,0.0,77.25,96.5,0.7948717948717949,2020,73.0
1629684,Grant Williams,Grant,Williams,PF,2019,77.75,240.2,81.75,104.5,5.4,9.0,10.5,10.83,3.33,26.0,31.5,3.27,69.0,15.1,3.4,2.6,1.0,0.4,0.5,0.7,0.412,0.25,0.722,81.75,104.5,0.4635761589403974,2019,79.5
1628960,Grayson Allen,Grayson,Allen,SG,2018,75.0,198.0,79.25,97.0,5.55,8.25,10.0,10.31,3.15,32.5,40.5,3.04,38.0,10.9,5.6,0.6,0.7,0.2,0.2,0.9,0.376,0.323,0.75,79.25,97.0,0.6330275229357798,2018,76.5
1630535,Greg Brown III,Greg,Brown III,PF,2021,79.25,206.4,84.25,107.0,5.5,9.0,9.75,10.98,3.19,33.5,39.0,2.98,48.0,13.3,4.7,2.8,0.7,0.5,0.5,0.8,0.426,0.311,0.677,84.25,107.0,0.6165413533834586,2021,80.5
1628977,Hamidou Diallo,Hamidou,Diallo,SG-SF,2017,75.75,197.4,83.25,101.5,5.2,8.5,9.5,10.88,3.11,34.5,44.5,2.79,51.0,10.3,3.7,1.9,0.3,0.4,0.2,0.5,0.455,0.167,0.61,83.25,101.5,0.5728155339805824,2017,77.0
1628977,Hamidou Diallo,Hamidou,Diallo,SG,2018,76.25,197.0,83.5,103.0,4.45,8.75,9.0,10.53,3.1,32.5,40.5,3.14,51.0,10.3,3.7,1.9,0.3,0.4,0.2,0.5,0.455,0.167,0.61,83.5,103.0,0.5728155339805824,2018,78.0
1631127,Harrison Ingram,Harrison,Ingram,SF,2022,77.25,232.8,84.25,103.5,8.3,9.0,10.0,11.83,3.31,29.5,35.0,3.26,3.0,5.7,0.7,1.7,0.3,0.3,0.0,0.0,0.333,0.0,0.0,84.25,103.5,0.4736842105263157,2022,79.0
1628385,Harry Giles,Harry,Giles,PF,2017,81.25,232.0,87.25,109.5,5.2,9.5,10.75,11.08,3.34,27.0,32.5,3.0,58.0,14.1,7.0,3.8,1.5,0.5,0.4,1.3,0.503,0.0,0.637,87.25,109.5,0.8723404255319149,2017,82.5
1627740,Henry Ellenson,Henry,Ellenson,PF,2016,82.0,242.0,86.25,108.0,11.2,8.5,9.75,,,,,,19.0,7.7,3.2,2.2,0.4,0.1,0.1,0.7,0.359,0.286,0.5,86.25,108.0,0.7532467532467533,2016,83.5
1630529,Herbert Jones,Herbert,Jones,SF,2021,78.0,206.4,84.25,106.0,5.8,8.5,9.0,11.02,3.25,28.5,36.5,3.17,78.0,29.9,9.5,3.8,2.1,1.7,0.8,1.3,0.476,0.337,0.84,84.25,106.0,0.5150501672240803,2021,79.25
1629649,Ignas Brazdeikis,Ignas,Brazdeikis,SF,2019,77.75,220.8,81.25,102.0,6.0,8.75,9.5,11.06,3.36,31.0,36.5,3.17,9.0,5.9,1.9,0.6,0.4,0.0,0.1,0.2,0.273,0.111,0.8,81.25,102.0,0.4915254237288135,2019,79.25
1628387,Ike Anigbogu,Ike,Anigbogu,C,2017,80.5,252.2,90.25,110.5,5.4,9.5,10.0,12.52,3.44,29.5,32.5,3.48,11.0,2.7,1.2,0.8,0.0,0.1,0.3,0.2,0.444,0.0,0.833,90.25,110.5,0.7407407407407407,2017,81.75
1630193,Immanuel Quickley,Immanuel,Quickley,SG,2020,74.0,185.8,80.25,99.0,8.2,8.0,8.75,11.21,3.17,29.5,35.5,2.46,64.0,19.4,11.4,2.1,2.0,0.5,0.2,0.9,0.395,0.389,0.891,80.25,99.0,0.7989690721649485,2020,75.0
1628515,Isaiah Briscoe,Isaiah,Briscoe,PG,2017,73.25,222.4,81.0,99.5,11.0,9.0,9.25,10.95,3.38,28.0,33.5,2.85,39.0,14.3,3.5,1.9,2.2,0.3,0.1,0.8,0.399,0.324,0.577,81.0,99.5,0.5314685314685315,2017,74.75
1628439,Isaiah Hicks,Isaiah,Hicks,PF,2017,79.25,233.4,84.5,105.0,7.7,8.75,9.75,12.31,3.36,31.5,37.0,3.31,18.0,13.3,4.4,2.3,0.9,0.1,0.2,0.9,0.458,0.222,0.667,84.5,105.0,0.5714285714285714,2017,80.5
1630198,Isaiah Joe,Isaiah,Joe,SG,2020,75.0,170.4,79.5,101.0,4.7,8.25,8.25,,,,,,41.0,9.3,3.7,0.9,0.5,0.3,0.1,0.3,0.361,0.368,0.75,79.5,101.0,0.5483870967741936,2020,76.5
1630587,Isaiah Livers,Isaiah,Livers,SF,2021,77.75,231.8,81.25,104.5,9.4,9.0,9.5,,,,,,19.0,20.2,6.4,3.0,1.1,0.7,0.4,0.8,0.456,0.422,0.857,81.25,104.5,0.5198019801980198,2021,79.25
1630600,Isaiah Mobley,Isaiah,Mobley,PF,2021,80.0,238.0,87.0,107.5,12.9,9.0,10.0,12.7,3.3,26.5,32.0,3.5,12.0,7.0,2.6,1.7,0.3,0.3,0.3,0.1,0.429,0.375,1.0,87.0,107.5,0.6571428571428571,2021,81.75
1629676,Isaiah Roby,Isaiah,Roby,PF,2019,79.25,214.0,85.0,106.0,3.9,9.0,10.5,10.63,3.25,32.5,35.5,3.05,3.0,3.7,0.0,0.7,0.0,0.0,0.0,0.3,0.0,0.0,0.0,85.0,106.0,0.1891891891891891,2019,80.5
1630191,Isaiah Stewart,Isaiah,Stewart,C,2020,79.25,243.0,88.75,108.5,7.5,9.0,10.5,,,,,,68.0,21.4,7.9,6.7,0.9,0.6,1.3,1.0,0.553,0.333,0.696,88.75,108.5,0.7242990654205609,2020,80.5
1630225,Isaiah Todd,Isaiah,Todd,PF,2021,80.75,219.0,85.25,107.5,6.2,9.0,9.75,11.38,3.31,28.5,35.5,3.25,12.0,6.2,1.7,1.0,0.3,0.3,0.2,0.3,0.269,0.25,0.333,85.25,107.5,0.4838709677419354,2021,82.0
1627785,Isaiah Whitehead,Isaiah,Whitehead,PG-SG,2016,75.25,210.0,80.75,100.0,9.25,8.5,8.75,11.65,3.34,27.5,35.5,3.21,73.0,22.5,7.4,2.5,2.6,0.6,0.5,1.9,0.402,0.295,0.805,80.75,100.0,0.5555555555555556,2016,76.5
1631209,Isaiah Wong,Isaiah,Wong,SG,2023,74.5,178.4,78.75,97.5,,8.25,9.5,10.93,3.22,32.5,37.0,,1.0,4.0,2.0,0.0,0.0,0.0,0.0,0.0,0.333,0.0,0.0,78.75,97.5,0.5,2023,
1628397,Ivan Rabb,Ivan,Rabb,PF,2017,80.75,219.6,85.5,109.0,6.8,8.75,9.0,12.68,3.35,28.5,32.5,3.23,36.0,14.3,5.6,4.4,0.9,0.3,0.4,1.0,0.566,0.0,0.806,85.5,109.0,0.7622377622377622,2017,82.0
1631120,JD Davison,JD,Davison,PG,2022,72.5,191.8,78.5,99.5,7.8,8.5,9.5,11.38,3.26,30.0,37.0,3.23,12.0,5.5,1.6,0.8,0.9,0.2,0.2,0.3,0.421,0.286,0.5,78.5,99.5,0.6000000000000001,2022,74.5
1630550,JT Thor,JT,Thor,PF,2021,80.5,203.0,87.25,110.0,6.1,9.25,9.5,12.19,3.06,31.5,35.0,3.08,33.0,7.9,2.0,1.3,0.6,0.2,0.3,0.3,0.436,0.259,0.6,87.25,110.0,0.4936708860759493,2021,81.25
203913,Jabari Brown,Jabari,Brown,SG,2014,75.0,201.9,80.25,100.0,6.05,9.0,9.25,11.6,3.5,28.0,32.0,3.26,19.0,29.9,11.9,1.9,2.1,0.6,0.1,1.7,0.412,0.371,0.753,80.25,100.0,0.5317725752508362,2014,76.25
1631133,Jabari Walker,Jabari,Walker,PF,2022,78.75,213.8,82.75,105.0,12.1,8.75,9.75,11.53,3.24,29.5,32.5,3.12,56.0,11.1,3.9,2.3,0.6,0.2,0.2,0.5,0.419,0.286,0.756,82.75,105.0,0.6126126126126126,2022,80.0
1628980,Jacob Evans,Jacob,Evans,SG-SF,2018,76.25,199.6,81.25,102.5,6.5,9.0,9.25,11.11,3.2,28.0,35.5,3.14,30.0,6.8,1.3,0.8,0.8,0.2,0.1,0.4,0.34,0.267,0.0,81.25,102.5,0.4264705882352941,2018,77.5
1630531,Jaden Springer,Jaden,Springer,SG,2021,75.0,202.0,79.75,99.0,6.3,8.5,9.75,11.46,3.13,34.5,41.5,3.1,2.0,3.0,1.0,1.0,0.0,0.0,1.0,0.5,1.0,0.0,0.0,79.75,99.0,0.6666666666666666,2021,76.25
1630186,Jahmi'us Ramsey,Jahmi'us,Ramsey,SG,2020,74.5,193.4,78.0,100.5,3.4,8.75,9.75,,,,,,13.0,7.2,3.1,0.8,0.5,0.3,0.1,0.2,0.395,0.263,1.0,78.0,100.5,0.6111111111111112,2020,75.7
1631170,Jaime Jaquez Jr.,Jaime,Jaquez Jr.,SF,2023,78.0,226.4,81.5,99.5,,8.5,9.5,11.21,3.33,34.5,39.0,,75.0,28.2,11.9,3.8,2.6,1.0,0.3,1.5,0.489,0.322,0.811,81.5,99.5,0.648936170212766,2023,
1631222,Jake LaRavia,Jake,LaRavia,PF,2022,78.75,227.2,81.5,104.0,9.0,8.5,10.25,10.58,3.37,27.5,34.0,2.89,35.0,11.8,3.0,1.8,0.6,0.3,0.1,0.5,0.389,0.338,0.778,81.5,104.0,0.4576271186440677,2022,80.0
1627774,Jake Layman,Jake,Layman,SF,2016,80.0,208.6,81.25,102.0,7.1,8.25,9.25,11.35,3.24,33.0,39.5,2.82,35.0,7.1,2.2,0.7,0.3,0.3,0.1,0.3,0.292,0.255,0.765,81.25,102.0,0.4507042253521127,2016,81.25
1627751,Jakob Poeltl,Jakob,Poeltl,C,2016,84.25,239.0,86.75,111.5,5.8,9.25,10.25,,,,,,54.0,11.6,3.1,3.1,0.2,0.3,0.4,0.5,0.583,0.0,0.544,86.75,111.5,0.5517241379310345,2016,85.0
1628973,Jalen Brunson,Jalen,Brunson,PG,2018,73.0,198.4,76.0,96.0,6.7,8.25,9.25,10.59,3.15,29.0,37.0,3.11,73.0,21.8,9.3,2.3,3.2,0.5,0.1,1.2,0.467,0.348,0.725,76.0,96.0,0.6788990825688074,2018,74.25
1630223,Jalen Harris,Jalen,Harris,SG,2020,74.75,193.4,79.0,97.5,4.4,8.25,9.5,10.59,3.11,37.5,42.5,2.49,13.0,13.2,7.4,1.4,1.3,0.6,0.0,1.1,0.5,0.472,0.778,79.0,97.5,0.7651515151515152,2020,76.2
1629658,Jalen Hoard,Jalen,Hoard,PF,2019,79.25,212.6,84.75,105.5,6.7,8.75,9.75,11.44,3.34,27.5,35.5,3.32,13.0,7.9,2.9,2.5,0.3,0.4,0.0,0.3,0.469,0.0,0.615,84.75,105.5,0.7215189873417721,2019,81.0
1641720,Jalen Hood-Schifino,Jalen,Hood-Schifino,PG,2023,76.25,216.6,82.25,100.5,,9.0,9.75,,,,,,21.0,5.2,1.6,0.6,0.4,0.1,0.1,0.4,0.222,0.133,0.6,82.25,100.5,0.5,2023,
1630552,Jalen Johnson,Jalen,Johnson,PF,2021,79.75,209.6,84.25,106.0,4.5,9.75,10.5,,,,,,22.0,5.5,2.4,1.2,0.1,0.1,0.1,0.4,0.537,0.231,0.714,84.25,106.0,0.6727272727272727,2021,81.25
1629665,Jalen Lecque,Jalen,Lecque,PG,2019,74.5,185.2,80.5,98.5,4.0,8.75,8.5,11.09,3.29,35.0,43.0,3.3,5.0,6.4,2.0,0.4,0.4,0.0,0.0,0.4,0.4,0.0,1.0,80.5,98.5,0.4374999999999999,2019,76.25
1629667,Jalen McDaniels,Jalen,McDaniels,SF,2019,80.25,191.6,84.25,105.5,5.7,9.0,10.0,11.54,3.32,29.5,33.5,3.23,16.0,18.3,5.6,4.1,0.8,0.5,0.2,0.7,0.471,0.375,0.824,84.25,105.5,0.5737704918032787,2019,81.75
1629618,Jalen Pickett,Jalen,Pickett,PG,2023,74.0,197.8,79.25,98.5,,8.5,7.5,11.91,3.35,28.5,33.0,3.41,27.0,4.5,1.6,0.5,0.8,0.1,0.0,0.3,0.429,0.36,0.75,79.25,98.5,0.6444444444444445,2023,
1641771,Jalen Slawson,Jalen,Slawson,PF,2023,78.5,221.6,83.75,106.0,,9.0,9.0,11.26,3.29,29.0,33.0,,12.0,3.1,0.7,0.6,0.2,0.1,0.1,0.2,0.667,0.0,0.0,83.75,106.0,0.4838709677419354,2023,
1630188,Jalen Smith,Jalen,Smith,PF-C,2020,81.25,224.6,86.25,110.0,3.7,9.25,9.25,,,,,,27.0,5.8,2.0,1.4,0.1,0.0,0.1,0.3,0.44,0.235,0.714,86.25,110.0,0.603448275862069,2020,82.2
1631114,Jalen Williams,Jalen,Williams,SG,2022,76.5,209.2,86.25,105.5,8.9,8.5,9.5,11.13,3.11,33.5,39.0,3.17,75.0,30.3,14.1,4.5,3.3,1.4,0.5,1.6,0.521,0.356,0.812,86.25,105.5,0.7227722772277229,2022,77.75
1630592,Jalen Wilson,Jalen,Wilson,SF,2023,77.5,230.2,80.0,99.5,,8.25,9.0,11.26,3.2,31.5,35.0,3.15,43.0,15.5,5.0,3.0,1.0,0.3,0.1,0.4,0.425,0.324,0.826,80.0,99.5,0.5806451612903226,2023,
1628503,Jamel Artis,Jamel,Artis,SG-SF,2017,77.5,213.2,82.0,105.0,11.9,9.25,9.75,11.62,3.44,23.5,31.0,3.08,15.0,18.6,5.1,2.5,1.2,0.1,0.2,0.5,0.392,0.276,0.583,82.0,105.0,0.4731182795698924,2017,78.75
1630547,James Bouknight,James,Bouknight,SG,2021,75.5,190.0,80.25,101.5,5.5,8.75,9.0,,,,,,31.0,9.8,4.6,1.7,0.8,0.2,0.0,0.5,0.348,0.347,0.871,80.25,101.5,0.7244897959183673,2021,76.75
203949,James McAdoo,James,McAdoo,PF,2014,79.5,227.6,86.25,106.5,6.15,9.25,9.0,11.61,3.28,29.5,34.0,2.91,15.0,9.1,4.1,2.5,0.1,0.3,0.6,0.4,0.545,0.0,0.56,86.25,106.5,0.7362637362637362,2014,80.75
203923,James Young,James,Young,SG,2014,77.25,213.3,84.0,104.0,5.1,9.0,9.5,,,28.0,35.5,,31.0,10.7,3.4,1.4,0.4,0.3,0.1,0.2,0.353,0.258,0.552,84.0,104.0,0.485981308411215,2014,78.75
1641716,Jarace Walker,Jarace,Walker,PF,2023,78.5,248.6,86.5,104.5,,9.0,10.0,10.89,3.2,34.5,38.0,,33.0,10.3,3.6,1.9,1.2,0.5,0.3,0.5,0.409,0.4,0.889,86.5,104.5,0.6504854368932038,2023,
1630215,Jared Butler,Jared,Butler,PG,2021,74.25,193.0,76.0,98.5,5.1,8.5,8.25,,,,,,42.0,8.6,3.8,1.1,1.5,0.4,0.2,0.8,0.404,0.318,0.688,76.0,98.5,0.744186046511628,2021,75.75
1629607,Jared Harper,Jared,Harper,PG,2019,69.75,169.2,77.5,94.0,3.9,8.25,9.5,10.77,3.04,33.5,40.5,3.02,3.0,2.7,0.7,0.0,0.0,0.0,0.0,0.0,0.25,0.0,0.0,77.5,94.0,0.2592592592592592,2019,71.0
1626185,Jarell Martin,Jarell,Martin,PF,2015,80.0,238.6,81.0,106.5,10.1,8.25,9.5,11.2,3.27,28.5,35.0,2.97,27.0,14.1,5.7,3.2,0.6,0.3,0.3,0.7,0.466,0.0,0.726,81.0,106.5,0.6737588652482269,2015,81.25
1628991,Jaren Jackson,Jaren,Jackson,PF-C,2018,81.75,236.0,89.25,110.0,7.2,10.0,10.0,,,,,,58.0,26.1,13.8,4.7,1.1,0.9,1.4,1.7,0.506,0.359,0.766,89.25,110.0,0.7509578544061303,2018,83.25
203950,Jarnell Stokes,Jarnell,Stokes,PF,2014,79.0,262.8,85.25,103.5,8.2,9.75,10.5,11.92,3.26,31.0,36.0,3.2,19.0,6.6,3.0,1.8,0.2,0.3,0.3,0.4,0.568,0.0,0.536,85.25,103.5,0.7575757575757576,2014,80.5
1628417,Jaron Blossomgame,Jaron,Blossomgame,SF,2016,78.25,213.6,82.0,102.0,5.25,8.5,10.0,11.53,3.2,35.0,41.0,3.26,27.0,16.3,4.2,3.6,0.5,0.3,0.3,0.4,0.443,0.256,0.769,82.0,102.0,0.5092024539877301,2016,79.25
1628417,Jaron Blossomgame,Jaron,Blossomgame,SF,2017,77.75,218.6,82.0,104.5,5.7,8.75,10.25,11.47,3.17,31.0,35.5,3.35,27.0,16.3,4.2,3.6,0.5,0.3,0.3,0.4,0.443,0.256,0.769,82.0,104.5,0.5092024539877301,2017,78.75
1628386,Jarrett Allen,Jarrett,Allen,C,2017,81.0,233.6,89.25,109.5,7.4,9.5,10.5,11.82,3.21,31.5,35.5,3.0,72.0,20.0,8.2,5.4,0.7,0.4,1.2,1.1,0.589,0.333,0.776,89.25,109.5,0.715,2017,82.25
1629633,Jarrett Culver,Jarrett,Culver,SG,2019,77.25,194.2,81.5,100.5,5.0,8.25,8.5,,,,,,63.0,23.9,9.2,3.4,1.7,0.9,0.6,1.3,0.404,0.299,0.462,81.5,100.5,0.5983263598326359,2019,78.75
1627784,Jarrod Uthoff,Jarrod,Uthoff,PF,2016,80.5,214.4,83.5,104.0,6.0,8.75,9.0,11.52,3.5,29.0,34.5,3.03,9.0,12.8,4.4,2.4,1.0,0.2,0.4,0.3,0.421,0.333,0.714,83.5,104.0,0.609375,2016,81.75
1630554,Jason Preston,Jason,Preston,PG,2021,75.0,180.6,80.5,100.5,5.45,8.5,9.25,10.82,3.13,30.5,38.5,3.08,14.0,8.9,2.9,1.6,1.9,0.1,0.0,0.7,0.439,0.278,0.0,80.5,100.5,0.7191011235955056,2021,76.0
1628393,Jawun Evans,Jawun,Evans,PG,2017,70.75,185.2,77.5,95.0,9.1,8.0,7.75,11.34,3.21,27.5,33.5,3.26,48.0,16.2,4.8,1.8,2.1,0.8,0.1,0.9,0.352,0.278,0.776,77.5,95.0,0.537037037037037,2017,71.5
1629637,Jaxson Hayes,Jaxson,Hayes,PF,2019,82.25,218.6,87.5,110.5,5.0,9.25,10.5,11.74,3.37,27.0,34.5,3.23,64.0,16.9,7.4,4.0,0.9,0.4,0.9,0.8,0.672,0.25,0.647,87.5,110.5,0.727810650887574,2019,83.5
1630206,Jayden Scrubb,Jayden,Scrubb,SG-SF,2020,77.0,185.2,81.5,104.5,3.7,8.25,9.75,,,,,,4.0,21.0,8.8,3.5,0.3,1.0,0.0,1.8,0.389,0.222,1.0,81.5,104.5,0.6000000000000001,2020,78.2
1627759,Jaylen Brown,Jaylen,Brown,SG-SF,2016,77.25,222.8,83.75,102.5,5.05,8.75,9.0,,,,,,78.0,17.2,6.6,2.8,0.8,0.4,0.2,0.9,0.455,0.343,0.685,83.75,102.5,0.5930232558139534,2016,78.75
1641740,Jaylen Clark,Jaylen,Clark,SG,2023,76.0,204.2,81.0,101.5,,8.5,9.0,,,,,,35.0,13.9,4.5,1.3,0.7,1.0,0.1,0.2,0.479,0.431,0.759,81.0,101.5,0.4676258992805755,2023,
1629669,Jaylen Nowell,Jaylen,Nowell,SG,2019,75.25,202.4,79.25,98.0,6.1,8.25,8.5,10.76,3.23,32.0,38.5,3.13,15.0,10.1,3.8,0.9,1.3,0.2,0.1,0.2,0.358,0.115,0.941,79.25,98.0,0.594059405940594,2019,76.25
1631119,Jaylin Williams,Jaylin,Williams,C,2022,80.75,236.6,85.0,108.5,8.0,8.5,10.5,11.64,3.5,24.5,30.0,3.1,49.0,18.7,5.9,4.9,1.6,0.6,0.2,0.8,0.436,0.407,0.704,85.0,108.5,0.663101604278075,2022,82.0
203924,Jerami Grant,Jerami,Grant,SF,2014,78.5,214.0,86.75,107.0,3.75,9.25,9.25,,,,,,65.0,21.2,6.3,3.0,1.2,0.6,1.0,1.3,0.352,0.314,0.591,86.75,107.0,0.4952830188679245,2014,79.75
1630526,Jeremiah Robinson-Earl,Jeremiah,Robinson-Earl,PF,2021,79.75,242.4,81.75,105.5,8.9,9.0,9.75,11.64,3.29,27.0,32.0,3.15,49.0,22.2,7.5,5.6,1.0,0.6,0.3,0.8,0.414,0.352,0.741,81.75,105.5,0.6351351351351351,2021,81.0
1626170,Jerian Grant,Jerian,Grant,PG,2015,75.25,198.0,79.5,100.0,5.6,8.25,8.5,,,,,,76.0,16.6,5.6,1.9,2.3,0.7,0.1,1.1,0.394,0.22,0.78,79.5,100.0,0.5903614457831325,2015,76.25
1630579,Jericho Sims,Jericho,Sims,C,2021,81.0,250.2,87.25,106.0,5.5,9.0,9.75,11.59,3.05,37.0,44.5,3.38,41.0,13.5,2.2,4.1,0.5,0.3,0.5,0.5,0.722,0.0,0.414,87.25,106.0,0.5037037037037037,2021,82.0
1629010,Jerome Robinson,Jerome,Robinson,SG,2018,76.0,188.4,79.25,98.0,6.05,9.0,10.0,,,,,,33.0,9.7,3.4,1.2,0.6,0.3,0.1,0.4,0.4,0.316,0.667,79.25,98.0,0.5360824742268041,2018,77.0
1628975,Jevon Carter,Jevon,Carter,PG,2018,72.25,196.2,76.25,95.0,4.15,9.25,8.5,11.04,3.18,29.0,36.5,3.05,39.0,14.8,4.4,1.7,1.8,0.7,0.3,0.8,0.303,0.333,0.813,76.25,95.0,0.5337837837837838,2018,73.5
203925,Joe Harris,Joe,Harris,SG,2014,76.75,215.0,78.0,100.0,6.2,8.5,9.75,11.11,3.31,28.5,33.5,2.92,51.0,9.7,2.7,0.8,0.5,0.1,0.0,0.5,0.4,0.369,0.6,78.0,100.0,0.4123711340206186,2014,78.25
1630580,Joe Wieskamp,Joe,Wieskamp,SF,2021,77.75,204.8,83.0,103.0,4.1,8.5,9.25,10.7,3.04,30.0,42.0,3.18,29.0,7.1,2.1,0.5,0.3,0.1,0.1,0.1,0.357,0.326,0.538,83.0,103.0,0.4084507042253521,2021,79.25
1627762,Joel Bolomboy,Joel,Bolomboy,PF,2016,79.5,224.4,85.75,103.5,5.15,9.0,10.25,10.26,3.17,37.5,40.5,2.86,12.0,4.4,1.8,1.4,0.2,0.1,0.2,0.2,0.563,0.25,0.5,85.75,103.5,0.7727272727272727,2016,81.0
1631219,John Butler Jr.,John,Butler Jr.,PF,2022,83.75,174.4,86.25,112.0,4.7,8.5,8.75,11.16,3.33,26.5,28.5,3.04,19.0,11.6,2.4,0.9,0.6,0.4,0.5,0.1,0.321,0.229,0.75,86.25,112.0,0.3362068965517241,2022,84.75
1628381,John Collins,John,Collins,PF,2017,80.25,225.2,83.25,106.5,5.4,9.0,10.0,11.66,3.27,33.0,37.5,3.27,74.0,24.1,10.5,7.3,1.3,0.6,1.1,1.4,0.576,0.34,0.715,83.25,106.5,0.7925311203319502,2017,81.5
1628405,Johnathan Motley,Johnathan,Motley,PF,2017,79.75,238.2,88.0,108.0,,9.0,9.5,,,,,,11.0,16.0,8.7,4.5,0.6,0.3,0.2,0.8,0.533,0.167,0.536,88.0,108.0,0.8624999999999999,2017,80.75
1631098,Johnny Davis,Johnny,Davis,PG,2022,76.25,196.4,80.5,103.5,6.7,8.5,10.25,,,,,,28.0,15.1,5.8,2.3,1.0,0.4,0.3,0.6,0.386,0.243,0.519,80.5,103.5,0.6026490066225165,2022,77.75
1630548,Johnny Juzang,Johnny,Juzang,SG,2021,77.5,209.0,82.5,100.5,8.0,8.5,9.5,11.13,3.13,31.0,36.5,3.08,18.0,12.9,4.8,2.2,0.4,0.2,0.2,0.2,0.337,0.238,0.5,82.5,100.5,0.5736434108527132,2021,79.0
1630548,Johnny Juzang,Johnny,Juzang,SG,2022,77.25,208.6,83.0,102.5,7.5,8.5,9.5,11.03,3.29,27.5,32.5,3.17,18.0,12.9,4.8,2.2,0.4,0.2,0.2,0.2,0.337,0.238,0.5,83.0,102.5,0.5736434108527132,2022,78.5
203948,Johnny O?Bryant III,Johnny,O?Bryant III,PF,2014,79.25,256.8,86.25,105.0,10.75,9.25,9.5,11.57,3.45,31.0,35.5,3.32,34.0,10.8,2.9,1.9,0.5,0.1,0.1,0.7,0.367,0.0,0.444,86.25,105.0,0.4907407407407407,2014,80.5
1629007,Jontay Porter,Jontay,Porter,C-PF,2018,82.0,236.0,84.25,109.0,13.85,8.75,9.5,11.9,3.4,25.5,31.0,3.07,11.0,4.9,2.0,1.3,0.1,0.3,0.1,0.6,0.533,0.375,0.6,84.25,109.0,0.693877551020408,2018,83.5
1629007,Jontay Porter,Jontay,Porter,PF,2019,81.75,210.4,84.0,109.5,8.5,8.75,9.5,,,,,,11.0,4.9,2.0,1.3,0.1,0.3,0.1,0.6,0.533,0.375,0.6,84.0,109.5,0.693877551020408,2019,83.0
203919,Jordan Adams,Jordan,Adams,SG,2014,75.5,208.8,82.0,102.0,10.8,8.5,7.5,12.13,3.5,24.5,29.5,3.05,30.0,8.3,3.1,0.9,0.5,0.5,0.2,0.5,0.407,0.4,0.609,82.0,102.0,0.5421686746987951,2014,76.75
1628395,Jordan Bell,Jordan,Bell,PF,2017,79.0,223.6,83.75,104.5,5.4,9.25,9.5,10.63,3.21,31.5,38.0,2.83,57.0,14.2,4.6,3.6,1.8,0.6,1.0,0.9,0.627,0.0,0.682,83.75,104.5,0.7042253521126761,2017,80.5
1629648,Jordan Bone,Jordan,Bone,SG,2019,73.5,179.0,75.25,95.0,5.0,7.5,9.25,9.97,3.08,36.0,42.5,2.78,10.0,5.3,1.2,0.4,0.8,0.1,0.0,0.2,0.25,0.2,0.0,75.25,95.0,0.4528301886792453,2019,74.75
203903,Jordan Clarkson,Jordan,Clarkson,PG,2014,75.25,186.3,80.0,98.0,4.3,8.25,9.0,10.76,3.28,33.0,38.5,2.98,59.0,25.0,11.9,3.2,3.5,0.9,0.2,1.6,0.448,0.314,0.829,80.0,98.0,0.7440000000000001,2014,77.0
1641722,Jordan Hawkins,Jordan,Hawkins,SG,2023,76.25,186.0,78.75,101.5,,8.25,8.75,,,,,,67.0,17.3,7.8,2.2,1.0,0.3,0.1,0.6,0.382,0.366,0.838,78.75,101.5,0.6358381502890174,2023,
203895,Jordan McRae,Jordan,McRae,SG,2014,75.75,179.4,84.5,104.0,5.2,8.75,8.5,11.07,3.39,27.5,34.5,3.15,7.0,11.7,5.3,1.1,1.4,0.4,0.0,0.9,0.423,0.273,0.8,84.5,104.0,0.6666666666666667,2014,77.25
1626175,Jordan Mickey,Jordan,Mickey,PF,2015,79.0,238.0,87.25,106.0,7.2,8.75,9.5,11.72,3.28,33.0,37.5,3.13,16.0,3.6,1.3,0.8,0.1,0.0,0.7,0.1,0.364,0.0,0.5,87.25,106.0,0.6111111111111112,2015,80.25
1641757,Jordan Miller,Jordan,Miller,SF,2023,76.5,191.6,83.75,103.5,,8.5,9.25,11.43,3.17,32.0,36.5,3.21,8.0,3.5,1.6,0.6,0.0,0.0,0.0,0.1,0.556,0.5,1.0,83.75,103.5,0.6285714285714287,2023,
1629670,Jordan Nwora,Jordan,Nwora,PF,2019,77.75,220.0,82.5,103.0,7.8,8.5,9.25,,,,,,30.0,9.1,5.7,2.0,0.2,0.6,0.3,0.8,0.459,0.452,0.76,82.5,103.0,0.8681318681318682,2019,79.5
1629670,Jordan Nwora,Jordan,Nwora,SF-PF,2020,77.75,223.0,82.25,104.0,11.68,8.5,9.25,11.29,3.43,29.0,35.0,2.66,30.0,9.1,5.7,2.0,0.2,0.6,0.3,0.8,0.459,0.452,0.76,82.25,104.0,0.8681318681318682,2020,79.0
1629673,Jordan Poole,Jordan,Poole,SG,2019,75.5,190.8,78.75,99.5,7.5,8.25,8.5,10.59,3.27,28.0,35.5,3.14,57.0,22.4,8.8,2.1,2.4,0.6,0.2,1.3,0.333,0.279,0.798,78.75,99.5,0.5937500000000001,2019,77.5
1641775,Jordan Walsh,Jordan,Walsh,SF,2023,77.75,204.0,85.75,107.0,,8.75,8.5,10.83,3.3,33.0,36.0,,9.0,9.2,1.7,2.2,0.6,0.6,0.1,0.3,0.4,0.222,0.5,85.75,107.0,0.4891304347826087,2023,
1630528,Josh Christopher,Josh,Christopher,SG,2021,75.25,214.8,81.25,101.0,5.8,8.75,8.5,11.32,3.14,29.5,37.5,3.3,74.0,18.0,7.9,2.5,2.0,0.9,0.2,1.5,0.448,0.296,0.735,81.25,101.0,0.6888888888888889,2021,76.5
1630182,Josh Green,Josh,Green,SG-SF,2020,76.5,214.0,81.75,101.5,6.8,8.0,8.75,10.64,3.12,30.5,39.5,2.28,39.0,11.4,2.6,2.0,0.7,0.4,0.1,0.4,0.452,0.16,0.565,81.75,101.5,0.4649122807017543,2020,77.5
1628404,Josh Hart,Josh,Hart,SG,2016,76.0,203.6,80.5,99.5,5.75,8.5,9.25,11.15,3.2,29.5,38.5,3.15,63.0,23.2,7.9,4.2,1.3,0.7,0.3,0.7,0.469,0.396,0.702,80.5,99.5,0.5775862068965518,2016,77.5
1628404,Josh Hart,Josh,Hart,SG-SF,2017,75.75,209.2,80.25,101.0,5.8,8.5,9.5,11.15,3.18,27.5,35.5,3.02,63.0,23.2,7.9,4.2,1.3,0.7,0.3,0.7,0.469,0.396,0.702,80.25,101.0,0.5775862068965518,2017,77.0
1629006,Josh Okogie,Josh,Okogie,SG,2018,75.0,210.8,84.0,102.0,5.2,9.0,9.75,11.08,3.04,33.0,42.0,3.03,74.0,23.7,7.7,2.9,1.2,1.2,0.4,0.9,0.386,0.279,0.728,84.0,102.0,0.4978902953586497,2018,76.5
1630221,Joshua Hall,Joshua,Hall,SF,2020,78.0,196.6,83.0,104.5,7.6,8.75,9.5,12.16,3.38,31.5,37.5,2.62,21.0,16.0,4.1,2.8,1.3,0.2,0.0,1.2,0.303,0.108,0.5,83.0,104.5,0.5125,2020,79.5
1630563,Joshua Primo,Joshua,Primo,SG,2021,76.0,189.0,81.25,102.5,6.3,9.0,10.0,10.97,3.22,30.5,37.5,3.36,50.0,19.3,5.8,2.3,1.6,0.4,0.5,1.1,0.374,0.307,0.746,81.25,102.5,0.5025906735751294,2021,77.0
1630577,Julian Champagnie,Julian,Champagnie,SF,2021,78.5,217.4,82.0,106.5,8.0,9.0,8.5,12.38,3.2,26.0,32.0,3.2,2.0,3.5,0.0,0.0,0.0,0.5,0.0,0.0,0.0,0.0,0.0,82.0,106.5,0.0,2021,79.5
1630577,Julian Champagnie,Julian,Champagnie,SF,2022,78.25,212.4,82.0,107.0,7.1,8.75,9.25,11.39,3.14,28.5,34.5,3.04,2.0,3.5,0.0,0.0,0.0,0.5,0.0,0.0,0.0,0.0,0.0,82.0,107.0,0.0,2022,79.75
1641763,Julian Phillips,Julian,Phillips,SF,2023,78.75,196.6,83.5,102.0,,8.5,9.0,11.09,3.32,36.0,43.0,,40.0,8.1,2.2,0.9,0.3,0.2,0.2,0.3,0.416,0.316,0.684,83.5,102.0,0.4197530864197531,2023,
1631124,Julian Strawther,Julian,Strawther,SF,2022,77.75,207.6,81.5,104.5,7.9,8.25,8.5,10.3,3.26,28.5,35.0,3.37,50.0,10.9,4.5,1.2,0.9,0.3,0.1,0.5,0.369,0.297,0.71,81.5,104.5,0.6055045871559633,2022,79.0
1631124,Julian Strawther,Julian,Strawther,SF,2023,78.0,208.8,81.25,105.0,,8.25,8.25,10.94,3.31,27.5,34.5,3.46,50.0,10.9,4.5,1.2,0.9,0.3,0.1,0.5,0.369,0.297,0.71,81.25,105.0,0.6055045871559633,2023,
203944,Julius Randle,Julius,Randle,PF,2014,79.75,249.7,84.0,105.5,9.4,8.75,8.25,11.45,3.27,29.0,35.5,3.14,1.0,14.0,2.0,0.0,0.0,0.0,0.0,1.0,0.333,0.0,0.0,84.0,105.5,0.1428571428571428,2014,81.0
1626147,Justin Anderson,Justin,Anderson,SF-SG,2015,77.25,230.6,83.75,101.0,5.0,8.5,9.5,11.13,3.22,38.0,43.0,2.88,55.0,11.8,3.8,2.4,0.5,0.3,0.5,0.4,0.406,0.265,0.8,83.75,101.0,0.5677966101694915,2015,78.25
1630551,Justin Champagnie,Justin,Champagnie,PF,2021,77.75,206.4,81.5,104.0,6.3,8.75,8.5,11.94,3.34,27.0,35.0,3.14,36.0,7.8,2.3,2.0,0.3,0.2,0.1,0.2,0.463,0.357,1.0,81.5,104.0,0.5897435897435898,2021,78.75
1628382,Justin Jackson (UNC),Justin,Jackson (UNC),SF,2017,79.0,200.8,83.0,104.5,8.1,8.75,9.25,10.8,3.3,29.5,35.5,3.06,68.0,22.1,6.7,2.8,1.1,0.4,0.2,0.6,0.442,0.308,0.722,83.0,104.5,0.4796380090497737,2017,80.25
1628383,Justin Patton,Justin,Patton,C,2017,82.0,229.0,87.0,111.5,7.8,8.75,9.75,11.8,3.46,26.0,30.5,3.31,1.0,4.0,2.0,0.0,0.0,1.0,0.0,0.0,0.5,0.0,0.0,87.0,111.5,0.5,2017,83.25
1626159,Justise Winslow,Justise,Winslow,SF,2015,76.5,221.8,82.25,104.5,5.3,8.5,9.25,,,,,,78.0,28.6,6.4,5.2,1.5,0.9,0.3,1.2,0.422,0.276,0.684,82.25,104.5,0.4580419580419581,2015,78.5
203909,K.J. McDaniels,K.J.,McDaniels,SF,2014,76.5,195.6,83.25,102.0,4.45,8.75,9.75,12.71,3.1,33.0,37.0,3.2,52.0,25.4,9.2,3.8,1.3,0.8,1.3,2.0,0.399,0.293,0.756,83.25,102.0,0.5629921259842521,2014,78.0
1629644,KZ Okpala,KZ,Okpala,SF,2019,79.25,209.6,85.75,106.5,4.6,9.25,9.25,10.88,3.38,30.5,37.0,3.13,5.0,5.2,1.4,1.0,0.2,0.4,0.2,0.2,0.6,0.0,0.5,85.75,106.5,0.5,2019,81.5
1628443,Kadeem Allen,Kadeem,Allen,PG,2017,73.0,192.4,81.25,99.5,6.4,8.5,8.75,11.24,3.15,33.0,35.5,2.98,18.0,5.9,1.1,0.6,0.7,0.2,0.1,0.5,0.273,0.0,0.778,81.25,99.5,0.4067796610169492,2017,74.25
1630539,Kai Jones,Kai,Jones,PF,2021,82.0,221.4,85.75,110.5,4.7,9.0,9.5,,,,,,21.0,3.0,1.0,0.5,0.2,0.0,0.1,0.3,0.643,0.5,0.375,85.75,110.5,0.5666666666666667,2021,83.5
1630211,Karim Mane,Karim,Mane,PG-SG,2020,77.0,196.0,83.0,102.0,3.73,8.5,9.75,11.52,3.04,31.0,36.0,2.64,10.0,8.8,1.1,1.4,0.4,0.0,0.2,0.3,0.231,0.5,0.8,83.0,102.0,0.3295454545454545,2020,78.0
1627770,Kay Felder,Kay,Felder,PG,2016,68.25,177.2,74.5,88.5,5.8,8.25,8.5,11.52,3.15,35.5,44.0,2.9,42.0,9.2,4.0,1.0,1.4,0.4,0.2,0.7,0.392,0.318,0.714,74.5,88.5,0.6956521739130436,2016,69.5
1626208,Keifer Sykes,Keifer,Sykes,PG,2015,70.5,167.2,74.0,93.0,5.0,8.5,9.5,10.47,3.13,34.0,43.0,3.15,32.0,17.7,5.6,1.4,1.9,0.4,0.1,1.0,0.363,0.3,0.882,74.0,93.0,0.5028248587570622,2015,71.75
1628966,Keita Bates-Diop,Keita,Bates-Diop,SG-SF,2018,79.25,223.8,87.25,106.5,5.35,9.0,8.5,11.2,3.17,30.5,35.0,3.28,30.0,16.8,5.0,2.8,0.6,0.6,0.5,0.5,0.423,0.25,0.643,87.25,106.5,0.5,2018,80.5
1629640,Keldon Johnson,Keldon,Johnson,SG,2019,76.75,216.4,81.25,104.0,5.6,8.0,9.25,,,,,,17.0,17.7,9.1,3.4,0.9,0.8,0.1,0.8,0.596,0.591,0.795,81.25,104.0,0.7570621468926554,2019,78.0
1626162,Kelly Oubre,Kelly,Oubre,SF-SG,2015,77.75,202.8,86.25,102.5,5.7,9.0,8.75,11.09,3.32,34.5,37.0,3.12,63.0,10.7,3.7,2.1,0.2,0.3,0.1,0.5,0.427,0.316,0.633,86.25,102.5,0.560747663551402,2015,78.75
1631112,Kendall Brown,Kendall,Brown,SF,2022,78.25,201.2,83.0,103.0,4.9,9.0,9.0,11.57,3.29,31.5,41.0,3.05,6.0,6.7,1.5,1.0,0.5,0.7,0.0,0.3,0.571,0.0,0.5,83.0,103.0,0.4477611940298507,2022,79.5
1631113,Kennedy Chandler,Kennedy,Chandler,PG,2022,71.5,172.2,77.25,97.0,4.4,8.5,9.5,10.73,,31.0,41.5,2.89,36.0,7.8,2.2,1.1,1.6,0.3,0.1,0.5,0.422,0.133,0.462,77.25,97.0,0.6282051282051283,2022,72.5
1629026,Kenrich Williams,Kenrich,Williams,SF,2018,78.0,200.4,79.25,103.5,5.95,8.5,9.75,10.86,3.19,28.0,33.0,3.28,46.0,23.5,6.1,4.8,1.8,1.0,0.4,0.8,0.384,0.333,0.684,79.25,103.5,0.5404255319148936,2018,79.5
1630231,Kenyon Martin Jr.,Kenyon,Martin Jr.,SF-PF,2020,78.0,213.2,79.25,102.0,5.9,8.5,8.75,11.93,3.16,31.5,38.5,2.58,45.0,23.7,9.3,5.4,1.1,0.7,0.9,0.8,0.509,0.365,0.714,79.25,102.0,0.6666666666666667,2020,79.0
1631165,Keon Ellis,Keon,Ellis,SG,2022,75.5,167.4,80.5,102.0,3.8,8.0,9.25,10.87,3.18,28.0,35.5,3.02,16.0,4.4,1.5,0.5,0.4,0.3,0.1,0.1,0.438,0.5,0.571,80.5,102.0,0.5454545454545454,2022,76.75
1630553,Keon Johnson,Keon,Johnson,SG,2021,75.5,184.8,79.25,97.0,4.4,8.5,9.0,11.45,3.0,41.5,48.0,3.2,15.0,9.0,3.5,1.4,0.9,0.5,0.1,0.5,0.333,0.273,0.762,79.25,97.0,0.6444444444444445,2021,76.75
1630556,Kessler Edwards,Kessler,Edwards,PF,2021,79.0,203.0,83.25,106.0,4.3,8.5,8.25,11.3,3.25,28.0,37.0,3.38,48.0,20.6,5.9,3.6,0.6,0.6,0.5,0.9,0.412,0.353,0.842,83.25,106.0,0.4902912621359223,2021,80.0
1628987,Kevin Hervey,Kevin,Hervey,PF,2018,78.5,211.6,87.5,107.0,5.15,9.25,10.25,11.28,3.36,27.5,32.0,3.15,10.0,5.2,1.7,1.2,0.5,0.1,0.1,0.0,0.259,0.15,0.0,87.5,107.0,0.6538461538461539,2018,79.75
1628989,Kevin Huerter,Kevin,Huerter,SG,2018,78.25,194.0,79.5,101.5,8.6,8.25,8.5,10.89,3.09,31.0,38.0,2.97,75.0,27.3,9.7,3.3,2.9,0.9,0.3,1.5,0.419,0.385,0.732,79.5,101.5,0.5824175824175825,2018,79.25
1628995,Kevin Knox,Kevin,Knox,SF,2018,79.75,212.6,83.75,108.0,4.95,8.75,9.25,,,,,,75.0,28.8,12.8,4.5,1.1,0.6,0.3,1.5,0.37,0.343,0.717,83.75,108.0,0.638888888888889,2018,81.0
1629645,Kevin Porter Jr.,Kevin,Porter Jr.,SG,2019,76.0,212.6,81.0,103.0,5.1,8.75,8.75,10.82,3.14,27.0,34.0,3.03,50.0,23.2,10.0,3.2,2.2,0.9,0.3,1.9,0.442,0.335,0.723,81.0,103.0,0.6637931034482758,2019,77.5
1626172,Kevon Looney,Kevon,Looney,PF,2015,80.0,222.4,87.5,110.0,11.9,9.5,9.25,,,,,,5.0,4.2,1.8,2.0,0.0,0.0,0.0,0.2,0.571,0.5,0.0,87.5,110.0,0.9047619047619048,2015,81.25
1641749,Keyontae Johnson,Keyontae,Johnson,SF,2023,76.0,238.6,84.0,103.0,,9.0,9.0,,,,,,9.0,7.3,1.2,1.1,0.4,0.1,0.0,0.4,0.313,0.333,0.0,84.0,103.0,0.3698630136986301,2023,
203920,Khem Birch,Khem,Birch,PF,2014,79.5,208.8,85.0,107.0,6.0,9.0,8.5,11.6,3.26,30.5,35.5,3.24,42.0,13.8,4.2,4.3,0.8,0.4,0.5,0.5,0.54,0.0,0.689,85.0,107.0,0.6739130434782609,2014,81.25
1629017,Khyri Thomas,Khyri,Thomas,SG,2018,74.5,198.8,82.5,101.0,6.4,8.75,9.25,10.96,3.18,30.0,35.0,3.18,26.0,7.5,2.3,0.8,0.3,0.3,0.2,0.2,0.319,0.286,0.636,82.5,101.0,0.4533333333333332,2018,75.75
1629681,Killian Tillie,Killian,Tillie,PF,2020,80.75,221.6,80.0,106.0,12.43,8.25,9.25,11.6,3.4,27.5,32.0,2.62,18.0,10.1,3.2,1.3,0.4,0.3,0.4,0.1,0.333,0.303,0.818,80.0,106.0,0.4851485148514852,2020,82.0
1641738,Kobe Brown,Kobe,Brown,PF,2023,78.5,252.2,84.75,106.5,,8.75,9.75,11.39,3.33,28.5,32.0,3.23,44.0,9.0,2.0,1.4,0.6,0.3,0.1,0.2,0.411,0.292,0.5,84.75,106.5,0.4444444444444444,2023,
1641723,Kobe Bufkin,Kobe,Bufkin,SG,2023,76.25,186.8,79.75,102.5,,8.0,9.25,11.71,3.26,29.0,36.0,,17.0,11.5,4.8,1.9,1.6,0.4,0.3,0.6,0.37,0.225,0.5,79.75,102.5,0.7217391304347825,2023,
1628424,Kobi Simmons,Kobi,Simmons,PG,2017,75.25,166.2,78.0,99.0,5.0,8.5,9.5,11.15,3.18,30.5,38.5,2.98,32.0,20.1,6.1,1.6,2.1,0.6,0.2,1.4,0.423,0.282,1.0,78.0,99.0,0.4875621890547262,2017,76.5
1628961,Kostas Antetokounmpo,Kostas,Antetokounmpo,PF,2018,81.0,194.8,86.25,110.0,5.0,9.25,9.5,12.48,3.21,29.5,35.0,3.48,2.0,5.5,1.0,0.5,0.0,1.0,0.0,0.5,0.0,0.0,0.5,86.25,110.0,0.2727272727272727,2018,82.5
1627739,Kris Dunn,Kris,Dunn,PG,2016,75.0,,81.5,100.0,,,,,,,,,78.0,17.1,3.8,2.1,2.4,1.0,0.5,1.1,0.377,0.288,0.61,81.5,100.0,0.4853801169590643,2016,76.25
1631200,Kris Murray,Kris,Murray,PF,2023,79.75,212.8,83.75,106.0,,8.5,9.0,11.11,3.3,29.5,35.0,,62.0,21.7,6.1,3.6,1.3,0.9,0.3,0.9,0.396,0.268,0.661,83.75,106.0,0.5069124423963134,2023,
1629065,Ky Bowman,Ky,Bowman,PG,2019,73.0,181.2,79.0,98.0,4.9,8.25,9.0,11.11,3.26,27.5,33.0,3.11,45.0,22.6,7.4,2.7,2.9,1.0,0.2,1.6,0.417,0.308,0.829,79.0,98.0,0.5752212389380531,2019,74.25
203937,Kyle Anderson,Kyle,Anderson,SF,2014,79.5,230.1,86.75,107.5,13.35,8.25,8.75,,,,,,33.0,10.8,2.2,2.2,0.8,0.5,0.2,0.3,0.348,0.273,0.643,86.75,107.5,0.4814814814814814,2014,80.5
1629657,Kyle Guy,Kyle,Guy,SG,2019,72.75,167.8,76.5,95.5,5.7,8.0,8.75,10.48,3.27,30.5,36.5,3.07,3.0,3.3,1.3,0.3,0.3,0.0,0.0,0.0,0.4,0.0,0.0,76.5,95.5,0.5757575757575758,2019,74.25
1628398,Kyle Kuzma,Kyle,Kuzma,SF-SG,2017,80.0,222.6,84.25,107.5,9.4,8.5,9.5,10.72,3.25,27.0,34.0,2.98,77.0,31.2,16.1,6.3,1.8,0.6,0.4,1.8,0.45,0.366,0.707,84.25,107.5,0.7756410256410258,2017,81.5
1627787,Kyle Wiltjer,Kyle,Wiltjer,PF,2016,80.75,242.8,84.25,102.5,15.25,8.25,9.5,11.35,3.48,28.5,35.5,3.04,14.0,3.1,0.9,0.7,0.1,0.2,0.1,0.4,0.286,0.308,0.5,84.25,102.5,0.5483870967741936,2016,82.0
203934,Lamar Patterson,Lamar,Patterson,SG,2014,76.0,226.0,83.0,101.0,10.75,9.0,9.25,11.63,3.45,27.5,32.5,3.13,35.0,11.3,2.4,1.4,1.1,0.3,0.1,0.7,0.35,0.245,0.727,83.0,101.0,0.4336283185840708,2014,77.25
1630205,Lamar Stevens,Lamar,Stevens,SF-PF,2020,77.75,228.0,81.0,101.0,6.8,8.5,9.75,10.35,3.2,35.0,41.0,2.54,40.0,12.5,4.1,2.4,0.6,0.4,0.3,0.6,0.456,0.16,0.725,81.0,101.0,0.568,2020,78.7
1629013,Landry Shamet,Landry,Shamet,PG,2018,76.0,188.6,78.75,100.0,4.85,8.0,9.0,11.26,3.11,31.0,39.5,3.21,54.0,20.5,8.3,1.4,1.1,0.4,0.1,0.5,0.441,0.404,0.815,78.75,100.0,0.526829268292683,2018,77.25
1631159,Leonard Miller,Leonard,Miller,SF,2022,80.5,211.0,86.0,106.5,5.7,9.25,10.5,11.11,3.36,30.0,36.5,3.02,17.0,3.1,1.7,1.2,0.5,0.1,0.1,0.1,0.65,0.4,0.5,86.0,106.5,1.096774193548387,2022,82.0
1631159,Leonard Miller,Leonard,Miller,PF,2023,81.25,212.8,86.0,106.5,,9.5,10.5,11.0,3.33,32.0,37.5,,17.0,3.1,1.7,1.2,0.5,0.1,0.1,0.1,0.65,0.4,0.5,86.0,106.5,1.096774193548387,2023,
1629022,Lonnie Walker,Lonnie,Walker,SG,2018,75.75,196.2,82.25,99.5,5.65,9.0,9.5,10.87,3.06,31.5,40.0,2.91,17.0,6.9,2.6,1.0,0.5,0.4,0.2,0.2,0.348,0.385,0.8,82.25,99.5,0.5942028985507245,2018,76.5
1629663,Louis King,Louis,King,SF,2019,78.75,195.2,84.25,104.5,4.8,8.0,8.5,10.99,3.28,29.0,33.0,3.05,10.0,6.2,2.0,1.0,0.5,0.2,0.0,0.2,0.381,0.364,0.0,84.25,104.5,0.564516129032258,2019,80.0
1629652,Luguentz Dort,Luguentz,Dort,PG,2019,74.75,222.2,80.5,99.5,5.0,8.5,9.0,10.79,3.22,32.5,38.0,3.13,36.0,22.8,6.8,2.3,0.8,0.9,0.1,0.6,0.394,0.297,0.792,80.5,99.5,0.4342105263157895,2019,76.25
1630568,Luka Garza,Luka,Garza,C,2021,82.0,242.8,85.5,107.5,11.7,9.0,9.25,11.9,3.51,24.0,29.5,3.38,32.0,12.2,5.8,3.1,0.6,0.3,0.2,0.6,0.449,0.327,0.623,85.5,107.5,0.778688524590164,2021,83.25
1629677,Luka Samanic,Luka,Samanic,PF,2019,81.5,227.2,82.5,107.0,5.6,8.5,9.0,11.01,3.27,27.0,38.0,3.03,3.0,16.0,5.3,3.3,2.0,0.0,0.7,0.7,0.313,0.375,0.75,82.5,107.0,0.6625,2019,83.0
1628379,Luke Kennard,Luke,Kennard,SG-SF,2017,76.5,196.2,77.25,98.5,6.6,8.0,8.75,,,,,,73.0,20.0,7.6,2.4,1.7,0.6,0.2,0.9,0.443,0.415,0.855,77.25,98.5,0.585,2017,77.5
1627781,Malachi Richardson,Malachi,Richardson,SG-SF,2016,76.75,199.6,84.0,101.5,7.0,8.75,10.0,10.56,3.33,33.0,38.0,3.25,22.0,9.0,3.6,1.0,0.5,0.2,0.0,0.4,0.412,0.286,0.789,84.0,101.5,0.5666666666666667,2016,78.25
1631103,Malaki Branham,Malaki,Branham,SG,2022,76.0,194.8,82.0,102.5,6.1,8.5,9.75,11.38,3.17,29.0,35.0,3.09,66.0,23.5,10.2,2.7,1.9,0.5,0.1,1.2,0.44,0.302,0.829,82.0,102.5,0.6297872340425531,2022,77.5
1627763,Malcolm Brogdon,Malcolm,Brogdon,SG,2016,75.75,223.0,82.5,98.0,5.4,9.0,10.25,10.77,3.31,30.5,35.5,2.64,75.0,26.4,10.2,2.8,4.2,1.1,0.2,1.5,0.457,0.404,0.865,82.5,98.0,0.6515151515151515,2016,77.5
1627736,Malik Beasley,Malik,Beasley,SG,2016,75.5,189.8,79.0,100.5,6.9,8.5,9.0,,,,,,22.0,7.5,3.8,0.8,0.5,0.3,0.0,0.4,0.452,0.321,0.8,79.0,100.5,0.6799999999999999,2016,76.5
1629005,Malik Newman,Malik,Newman,SG,2016,74.25,182.2,77.75,97.5,5.6,8.25,9.25,10.88,3.28,30.0,35.5,3.11,1.0,4.0,2.0,0.0,0.0,0.0,0.0,1.0,0.0,0.0,1.0,77.75,97.5,0.5,2016,75.5
1629005,Malik Newman,Malik,Newman,SG,2018,74.5,189.2,77.5,98.5,6.25,8.5,9.5,10.9,3.13,27.5,33.5,3.18,1.0,4.0,2.0,0.0,0.0,0.0,0.0,1.0,0.0,0.0,1.0,77.5,98.5,0.5,2018,75.25
1629603,Mamadi Diakite,Mamadi,Diakite,PF,2020,80.5,222.1,87.75,107.0,7.83,9.0,10.25,11.95,3.16,28.0,37.0,2.71,14.0,10.1,3.1,2.4,0.6,0.4,0.4,0.2,0.4,0.125,0.786,87.75,107.0,0.6039603960396039,2020,82.2
1630699,MarJon Beauchamp,MarJon,Beauchamp,SG,2022,77.25,196.6,84.75,106.0,5.3,9.0,9.0,,,,,,52.0,13.5,5.1,2.2,0.7,0.4,0.1,0.9,0.395,0.331,0.73,84.75,106.0,0.5925925925925926,2022,78.5
1630542,Marcus Bagley,Marcus,Bagley,SF,2021,78.0,216.8,83.0,102.5,7.5,8.75,8.5,12.26,3.17,32.5,38.5,3.1,5.0,20.0,4.2,5.2,0.2,0.4,1.2,0.4,0.375,0.0,0.75,83.0,102.5,0.48,2021,79.75
1627779,Marcus Paige,Marcus,Paige,PG,2016,72.5,163.8,78.25,97.0,4.3,7.75,8.75,10.82,3.15,33.5,39.5,2.69,5.0,5.6,2.4,0.8,0.6,0.0,0.0,0.0,0.286,0.25,1.0,78.25,97.0,0.6785714285714287,2016,73.75
1631204,Marcus Sasser,Marcus,Sasser,PG,2023,73.25,195.6,79.0,99.5,,8.75,9.5,10.68,3.43,27.0,35.0,,71.0,19.0,8.3,1.8,3.3,0.6,0.2,1.3,0.428,0.375,0.879,79.0,99.5,0.7052631578947369,2023,
203935,Marcus Smart,Marcus,Smart,PG,2014,74.0,227.2,81.25,99.0,10.55,9.0,8.75,10.82,3.26,33.0,36.0,2.96,67.0,27.0,7.8,3.3,3.1,1.5,0.3,1.3,0.367,0.335,0.646,81.25,99.0,0.5259259259259259,2014,75.25
1629621,Marial Shayok,Marial,Shayok,SF-PF,2019,76.5,196.8,84.25,103.5,4.7,8.75,9.25,11.16,3.37,29.5,36.5,3.04,4.0,7.0,2.8,1.8,0.3,0.0,0.3,0.8,0.25,0.333,0.75,84.25,103.5,0.7,2019,77.5
1631109,Mark Williams,Mark,Williams,C,2022,84.0,242.4,90.5,117.0,5.4,9.0,9.75,,,,,,43.0,19.3,9.0,7.1,0.4,0.7,1.0,0.9,0.637,0.0,0.691,90.5,117.0,0.854922279792746,2022,86.0
203900,Markel Brown,Markel,Brown,SG,2014,74.5,184.4,80.75,100.0,4.2,8.25,9.75,12.62,3.18,36.5,43.5,2.9,47.0,16.6,4.6,2.3,0.8,0.7,0.3,0.6,0.362,0.266,0.825,80.75,100.0,0.4638554216867469,2014,75.5
1630210,Markus Howard,Markus,Howard,PG,2020,69.5,170.8,72.25,91.5,9.91,8.5,7.75,11.21,3.11,30.5,35.5,3.17,37.0,5.5,2.8,0.6,0.5,0.1,0.0,0.5,0.377,0.277,0.778,72.25,91.5,0.7090909090909091,2020,71.0
1627737,Marquese Chriss,Marquese,Chriss,PF,2016,80.75,233.0,84.25,105.0,8.5,9.0,9.0,11.93,3.26,32.5,38.5,3.05,82.0,21.3,9.2,4.2,0.7,0.8,0.9,1.3,0.449,0.321,0.624,84.25,105.0,0.6619718309859154,2016,82.0
1630222,Mason Jones,Mason,Jones,SG,2020,75.75,207.2,79.0,102.5,8.9,8.75,8.5,10.6,3.33,24.0,31.0,2.49,26.0,11.8,5.8,2.0,1.5,0.2,0.0,1.1,0.412,0.359,0.614,79.0,102.5,0.788135593220339,2020,77.7
1630562,Matt Hurt,Matt,Hurt,PF,2021,80.5,232.4,81.5,106.5,15.2,9.0,9.0,11.44,3.34,25.5,32.5,3.25,8.0,14.1,4.0,2.0,0.5,0.4,0.4,0.3,0.353,0.25,1.0,81.5,106.5,0.4609929078014184,2021,81.5
1631108,Max Christie,Max,Christie,SG,2022,76.25,189.2,80.75,102.5,4.8,8.0,8.5,10.82,3.07,32.0,37.5,3.02,41.0,12.5,3.1,1.8,0.5,0.2,0.2,0.3,0.415,0.419,0.875,80.75,102.5,0.432,2022,77.75
1641721,Maxwell Lewis,Maxwell,Lewis,SG,2023,78.25,207.2,84.0,104.5,,8.75,9.5,11.4,3.43,32.5,36.5,,34.0,3.0,0.3,0.1,0.2,0.1,0.0,0.3,0.19,0.111,0.667,84.0,104.5,0.2,2023,
1630593,McKinley Wright IV,McKinley,Wright IV,PG,2021,71.25,192.2,77.25,94.0,6.7,8.5,9.0,10.76,3.08,31.5,38.0,3.12,5.0,3.8,1.0,0.0,0.6,0.0,0.0,0.2,0.667,0.5,0.0,77.25,94.0,0.4210526315789474,2021,72.25
1628982,Melvin Frazier,Melvin,Frazier,SF-SG,2018,76.5,198.2,85.75,105.0,7.9,9.5,9.5,11.24,3.08,31.0,40.5,3.08,10.0,4.4,1.5,0.5,0.1,0.1,0.0,0.1,0.333,0.0,0.25,85.75,105.0,0.4772727272727272,2018,78.0
1629662,Mfiondu Kabengele,Mfiondu,Kabengele,PF,2019,80.75,256.2,87.0,109.5,5.1,9.25,10.75,11.21,3.25,28.0,35.5,3.3,12.0,5.3,3.5,0.9,0.2,0.2,0.2,0.2,0.438,0.45,1.0,87.0,109.5,0.8679245283018869,2019,82.25
1630701,Michael Foster Jr.,Michael,Foster Jr.,C,2022,79.75,236.6,84.25,109.5,6.2,8.75,10.0,11.49,3.22,28.0,32.5,3.1,1.0,1.0,0.0,0.0,0.0,0.0,0.0,0.0,0.0,0.0,0.0,84.25,109.5,0.0,2022,81.25
1626187,Michael Frazier II,Michael,Frazier II,SG,2015,75.75,199.4,80.0,101.5,7.4,8.25,9.25,10.66,3.32,27.0,35.0,3.02,13.0,11.2,2.1,0.8,0.2,0.2,0.0,0.4,0.241,0.174,0.643,80.0,101.5,0.2767857142857143,2015,76.25
1627771,Michael Gbinije,Michael,Gbinije,SG,2016,77.5,204.6,79.5,101.0,5.4,8.0,9.0,11.0,3.12,33.5,37.5,3.19,9.0,3.6,0.4,0.3,0.2,0.0,0.0,0.0,0.1,0.0,1.0,79.5,101.0,0.2499999999999999,2016,78.75
1629008,Michael Porter,Michael,Porter,SF-PF,2018,81.5,211.0,84.25,108.5,6.4,8.75,9.25,,,,,,55.0,16.4,9.3,4.7,0.8,0.5,0.5,0.9,0.509,0.422,0.833,84.25,108.5,0.902439024390244,2018,82.75
1628970,Miles Bridges,Miles,Bridges,SF,2018,77.25,220.4,81.5,103.5,5.9,9.0,9.75,,,,,,80.0,21.2,7.5,4.0,1.2,0.7,0.6,0.6,0.464,0.325,0.753,81.5,103.5,0.5990566037735849,2018,78.75
1630540,Miles McBride,Miles,McBride,PG,2021,73.0,195.2,80.75,99.5,6.0,9.0,9.5,11.08,3.1,31.0,38.5,3.13,40.0,9.3,2.2,1.1,1.0,0.4,0.0,0.1,0.296,0.25,0.667,80.75,99.5,0.4623655913978495,2021,74.5
1629671,Miye Oni,Miye,Oni,SG,2019,76.25,205.6,82.75,100.5,4.9,9.0,10.0,11.71,3.17,30.5,38.5,3.12,10.0,10.9,3.5,1.7,0.4,0.4,0.2,0.4,0.375,0.368,0.8,82.75,100.5,0.5137614678899083,2019,77.75
1628964,Mohamed Bamba,Mohamed,Bamba,C,2018,83.25,225.6,94.0,115.5,6.2,9.75,10.25,,,,,,47.0,16.3,6.2,5.0,0.8,0.3,1.4,0.9,0.481,0.3,0.587,94.0,115.5,0.7361963190184049,2018,84.75
1628420,Monte Morris,Monte,Morris,PG,2017,73.25,175.2,76.0,96.5,6.9,8.25,8.75,11.0,3.19,28.0,33.5,3.2,3.0,8.3,3.3,0.7,2.3,1.0,0.0,0.3,0.667,0.0,1.0,76.0,96.5,0.7590361445783131,2017,74.5
1626149,Montrezl Harrell,Montrezl,Harrell,PF,2015,79.0,253.4,88.25,109.0,11.9,9.0,9.75,,,,,,39.0,9.7,3.6,1.7,0.4,0.3,0.3,0.4,0.644,0.0,0.522,88.25,109.0,0.5876288659793815,2015,79.5
1629021,Moritz Wagner,Moritz,Wagner,PF,2017,82.0,231.2,84.0,108.0,6.7,8.75,10.75,12.0,3.35,25.5,32.5,2.98,43.0,10.4,4.8,2.0,0.6,0.3,0.3,0.9,0.415,0.286,0.811,84.0,108.0,0.7115384615384615,2017,83.25
1629021,Moritz Wagner,Moritz,Wagner,C-PF,2018,82.5,241.4,84.0,108.0,6.75,9.0,10.75,11.48,3.18,27.0,34.0,3.07,43.0,10.4,4.8,2.0,0.6,0.3,0.3,0.9,0.415,0.286,0.811,84.0,108.0,0.7115384615384615,2018,83.5
1629650,Moses Brown,Moses,Brown,C,2019,85.25,237.2,88.75,113.0,7.8,9.5,10.25,11.95,3.51,27.0,31.0,3.3,9.0,3.7,1.2,1.6,0.1,0.1,0.1,0.3,0.4,0.0,0.375,88.75,113.0,0.7837837837837838,2019,86.5
1630541,Moses Moody,Moses,Moody,SG,2021,76.5,210.6,84.75,105.0,6.8,9.0,10.0,,,,,,52.0,11.7,4.4,1.5,0.4,0.1,0.2,0.3,0.437,0.364,0.778,84.75,105.0,0.5384615384615385,2021,78.0
1630589,Moses Wright,Moses,Wright,PF,2021,79.75,225.8,84.75,107.0,5.6,9.0,9.5,11.2,3.15,31.5,38.0,3.42,1.0,1.0,0.0,0.0,1.0,0.0,0.0,0.0,0.0,0.0,0.0,84.75,107.0,1.0,2021,81.0
1631243,Mouhamed Gueye,Mouhamed,Gueye,C,2023,82.25,212.6,87.25,110.5,,9.0,10.0,,,,,,6.0,12.2,4.0,3.7,0.7,0.8,0.7,0.2,0.348,0.333,0.833,87.25,110.5,0.6885245901639345,2023,
1631217,Moussa Diabate,Moussa,Diabate,C,2022,81.25,216.6,86.5,109.5,2.7,8.5,10.5,11.16,3.26,29.0,36.5,2.9,22.0,8.9,2.7,2.3,0.2,0.3,0.4,0.4,0.511,0.5,0.625,86.5,109.5,0.5842696629213483,2022,82.25
1629619,Myles Powell,Myles,Powell,PG-SG,2020,72.5,194.0,79.0,99.0,15.8,8.0,9.0,,,,,,11.0,4.7,1.2,0.5,0.3,0.1,0.0,0.3,0.294,0.167,1.0,79.0,99.0,0.425531914893617,2020,73.5
1626167,Myles Turner,Myles,Turner,C-PF,2015,81.75,238.6,88.0,112.0,9.3,9.25,9.25,,,,,,60.0,22.8,10.3,5.5,0.7,0.4,1.4,1.1,0.498,0.214,0.727,88.0,112.0,0.7236842105263158,2015,83.5
1630538,Nah'Shon Hyland,Nah'Shon,Hyland,SG,2021,74.0,169.0,81.25,101.5,5.8,8.75,9.0,10.53,3.1,26.5,34.0,3.17,69.0,19.0,10.1,2.7,2.8,0.6,0.3,1.2,0.403,0.366,0.856,81.25,101.5,0.8210526315789475,2021,75.5
1630230,Naji Marshall,Naji,Marshall,SF,2020,77.75,233.5,84.75,102.5,8.7,9.25,10.5,11.77,3.37,28.5,35.0,2.9,32.0,21.9,7.7,4.6,2.8,0.8,0.3,1.2,0.392,0.349,0.707,84.75,102.5,0.6894977168949773,2020,79.0
1629642,Nassir Little,Nassir,Little,SF,2019,76.5,224.2,85.25,104.5,5.9,8.75,10.0,12.15,3.24,31.0,38.5,3.1,48.0,11.9,3.6,2.3,0.5,0.3,0.3,0.3,0.43,0.237,0.636,85.25,104.5,0.5378151260504201,2019,78.0
1630233,Nathan Knight,Nathan,Knight,PF-C,2020,80.0,235.0,86.0,109.5,8.2,9.0,9.5,11.56,3.31,23.0,31.5,2.96,33.0,8.5,3.8,2.2,0.2,0.3,0.3,0.5,0.37,0.182,0.8,86.0,109.5,0.7294117647058824,2020,81.7
1629675,Naz Reid,Naz,Reid,PF,2019,80.25,255.8,87.25,109.0,14.0,9.5,9.25,12.03,3.42,26.0,32.5,3.76,30.0,16.5,9.0,4.1,1.2,0.6,0.7,0.7,0.412,0.33,0.698,87.25,109.0,0.8666666666666666,2019,81.5
1629674,Neemias Queta,Neemias,Queta,C,2019,82.75,225.8,88.25,111.5,6.3,9.5,11.0,12.04,3.73,24.0,32.5,3.45,15.0,8.0,3.0,2.1,0.4,0.1,0.5,0.4,0.447,0.0,0.647,88.25,111.5,0.6875,2019,84.25
1629674,Neemias Queta,Neemias,Queta,C,2021,83.25,248.4,88.0,112.5,7.6,9.25,10.5,11.85,3.29,27.0,33.0,3.5,15.0,8.0,3.0,2.1,0.4,0.1,0.5,0.4,0.447,0.0,0.647,88.0,112.5,0.6875,2021,84.5
203910,Nick Johnson,Nick,Johnson,SG,2014,73.5,198.0,79.25,96.5,6.05,8.75,9.75,10.8,3.27,33.5,41.5,2.95,28.0,9.4,2.6,1.4,0.4,0.3,0.1,0.7,0.347,0.238,0.68,79.25,96.5,0.4680851063829787,2014,75.0
1630208,Nick Richards,Nick,Richards,C,2020,82.5,241.6,86.25,110.0,8.5,9.0,9.0,11.42,3.25,30.0,34.0,2.92,18.0,3.5,0.8,0.6,0.1,0.0,0.0,0.2,0.444,0.0,0.636,86.25,110.0,0.4285714285714285,2020,83.5
1629638,Nickeil Alexander-Walker,Nickeil,Alexander-Walker,SG,2019,76.25,203.8,81.5,102.0,5.9,8.5,8.75,,,,,,47.0,12.6,5.7,1.8,1.9,0.4,0.2,1.1,0.368,0.346,0.676,81.5,102.0,0.746031746031746,2019,77.5
1629651,Nicolas Claxton,Nicolas,Claxton,C,2019,82.0,216.6,86.5,110.0,4.5,9.25,9.5,11.26,3.36,31.5,36.5,3.47,15.0,12.5,4.4,2.9,1.1,0.1,0.5,0.6,0.563,0.143,0.524,86.5,110.0,0.672,2019,83.75
1628502,Nigel Hayes,Nigel,Hayes,SF-PF,2016,78.25,245.0,87.0,107.5,10.9,8.5,9.5,12.11,3.2,25.5,28.5,2.9,2.0,5.5,1.5,0.0,1.0,0.0,0.0,0.0,0.333,0.0,1.0,87.0,107.5,0.4545454545454545,2016,79.25
1628502,Nigel Hayes,Nigel,Hayes,PF,2017,78.25,254.2,87.25,104.5,11.5,8.75,10.0,11.81,3.27,29.0,33.5,2.94,2.0,5.5,1.5,0.0,1.0,0.0,0.0,0.0,0.333,0.0,1.0,87.25,104.5,0.4545454545454545,2017,79.5
1628430,Nigel Williams-Goss,Nigel,Williams-Goss,PG,2017,73.5,190.2,79.25,99.0,5.6,8.75,9.25,10.42,3.19,27.5,34.5,3.08,10.0,5.0,1.4,0.6,0.6,0.3,0.1,0.3,0.313,0.286,1.0,79.25,99.0,0.52,2017,75.0
203917,Nik Stauskas,Nik,Stauskas,SG,2014,77.25,206.9,79.75,102.0,12.05,8.5,8.5,10.79,3.27,29.0,35.5,2.92,73.0,15.4,4.4,1.2,0.9,0.3,0.2,0.5,0.365,0.322,0.859,79.75,102.0,0.4220779220779221,2014,78.5
1631107,Nikola Jovic,Nikola,Jovic,SF,2022,81.5,222.6,84.25,108.5,7.4,8.75,9.75,,,,,,15.0,13.6,5.5,2.1,0.7,0.5,0.1,0.7,0.406,0.229,0.947,84.25,108.5,0.6102941176470588,2022,83.0
203943,Noah Vonleh,Noah,Vonleh,PF,2014,80.0,247.1,88.25,108.0,7.3,9.75,11.75,11.45,3.28,31.0,37.0,3.29,25.0,10.4,3.3,3.4,0.2,0.2,0.4,0.4,0.395,0.385,0.692,88.25,108.0,0.6634615384615384,2014,81.5
1626181,Norman Powell,Norman,Powell,SG,2015,75.0,215.4,82.75,102.5,6.4,9.25,9.0,10.69,3.2,32.5,40.5,3.2,49.0,14.8,5.6,2.3,1.0,0.6,0.2,0.7,0.424,0.404,0.811,82.75,102.5,0.6013513513513512,2015,76.25
1629052,O'Shae Brissett,O'Shae,Brissett,SF-PF,2019,79.0,203.2,84.0,104.0,2.9,9.0,9.5,11.3,3.48,34.0,37.5,3.18,19.0,7.1,1.9,1.4,0.4,0.2,0.1,0.4,0.361,0.2,0.8,84.0,104.0,0.5211267605633803,2019,80.0
1628384,OG Anunoby,OG,Anunoby,SF,2017,78.25,232.4,86.25,107.5,6.8,9.25,9.5,,,,,,74.0,20.0,5.9,2.5,0.7,0.7,0.2,0.6,0.471,0.371,0.629,86.25,107.5,0.4549999999999999,2017,79.75
1630534,Ochai Agbaji,Ochai,Agbaji,SG,2021,76.5,214.4,82.0,103.5,4.15,9.0,8.75,10.88,3.13,32.0,41.5,3.1,59.0,20.5,7.9,2.1,1.1,0.3,0.3,0.7,0.427,0.355,0.812,82.0,103.5,0.5414634146341464,2021,77.5
1630534,Ochai Agbaji,Ochai,Agbaji,SG,2022,76.5,216.8,82.25,104.0,5.4,8.75,9.5,10.77,3.13,32.0,39.0,3.11,59.0,20.5,7.9,2.1,1.1,0.3,0.3,0.7,0.427,0.355,0.812,82.25,104.0,0.5414634146341464,2022,77.75
1641765,Olivier-Maxence Prosper,Olivier-Maxence,Prosper,PF,2023,78.75,212.4,85.0,104.0,,8.25,10.0,10.59,3.21,35.0,40.5,3.0,40.0,8.4,3.0,2.0,0.6,0.2,0.1,0.2,0.385,0.289,0.683,85.0,104.0,0.6666666666666666,2023,
1629016,Omari Spellman,Omari,Spellman,PF-C,2018,80.0,253.8,86.0,107.5,13.75,9.0,9.0,12.28,3.38,28.5,35.5,3.35,46.0,17.5,5.9,4.2,1.0,0.6,0.5,0.7,0.402,0.344,0.711,86.0,107.5,0.6342857142857143,2018,81.25
1631115,Orlando Robinson,Orlando,Robinson,C,2022,81.75,244.4,88.0,111.0,9.5,8.75,10.0,11.4,3.55,23.0,27.5,3.23,31.0,13.7,3.7,4.1,0.8,0.4,0.4,0.5,0.528,0.0,0.71,88.0,111.0,0.6277372262773723,2022,83.0
1631131,Oscar Tshiebwe,Oscar,Tshiebwe,C,2023,79.25,253.6,87.5,108.0,,9.75,10.25,12.26,3.32,29.5,32.5,,8.0,5.3,3.3,2.0,0.3,0.3,0.1,0.0,0.5,0.0,0.75,87.5,108.0,1.0566037735849056,2023,
203798,P.J. Hairston,P.J.,Hairston,SG,2014,76.25,228.8,81.0,101.0,8.2,8.75,9.75,11.12,3.32,32.0,37.0,,45.0,15.3,5.6,2.0,0.5,0.5,0.3,0.5,0.323,0.301,0.861,81.0,101.0,0.5294117647058824,2014,77.25
1629023,P.J. Washington,P.J.,Washington,PF,2019,78.5,230.4,86.5,106.5,8.6,9.0,10.25,,,,,,58.0,30.3,12.2,5.4,2.1,0.9,0.8,1.6,0.455,0.374,0.647,86.25,106.5,0.6501650165016503,2019,80.0
1628408,PJ Dozier,PJ,Dozier,SG,2017,77.25,200.6,83.0,101.0,6.1,8.5,9.5,10.84,3.15,34.0,39.0,2.98,2.0,1.5,1.0,0.5,0.0,0.0,0.0,0.5,0.5,0.0,0.0,83.0,101.0,1.0,2017,78.75
1629023,PJ Washington,PJ,Washington,PF,2018,78.5,223.0,86.5,107.0,6.85,9.0,10.25,11.39,3.2,27.0,34.0,3.43,58.0,30.3,12.2,5.4,2.1,0.9,0.8,1.6,0.455,0.374,0.647,86.5,107.0,0.6501650165016503,2018,80.0
1627783,Pascal Siakam,Pascal,Siakam,PF,2016,80.25,226.6,87.25,107.5,5.2,9.25,10.0,11.25,3.41,30.5,36.5,3.09,55.0,15.6,4.2,3.4,0.3,0.5,0.8,0.6,0.502,0.143,0.688,87.25,107.5,0.5064102564102564,2016,81.5
1626192,Pat Connaughton,Pat,Connaughton,SG,2015,76.0,215.0,80.0,96.0,10.2,8.5,9.25,10.58,3.2,37.5,44.0,3.08,34.0,4.2,1.1,0.9,0.3,0.1,0.0,0.3,0.265,0.238,1.0,80.0,96.0,0.5476190476190476,2015,77.25
1631116,Patrick Baldwin Jr.,Patrick,Baldwin Jr.,SF,2022,81.25,230.8,85.75,110.5,8.9,8.75,9.5,12.25,3.45,23.5,26.5,3.3,31.0,7.3,3.9,1.3,0.4,0.2,0.1,0.4,0.394,0.381,0.667,85.75,110.5,0.767123287671233,2022,82.25
1627775,Patrick McCaw,Patrick,McCaw,PG-SG,2016,77.25,180.8,82.0,100.5,4.7,8.75,8.75,11.01,3.3,30.0,38.0,2.97,71.0,15.1,4.0,1.4,1.1,0.5,0.2,0.5,0.433,0.333,0.784,82.0,100.5,0.4304635761589404,2016,78.75
1630194,Paul Reed Jr.,Paul,Reed Jr.,PF,2020,80.5,219.2,86.0,109.5,6.83,9.0,8.75,12.29,3.45,26.5,37.5,2.67,26.0,6.8,3.4,2.3,0.5,0.4,0.5,0.5,0.538,0.0,0.5,86.0,109.5,0.9117647058823528,2020,81.2
1631212,Peyton Watson,Peyton,Watson,SF,2022,78.75,203.4,84.5,107.5,5.2,8.5,9.5,11.03,3.28,28.0,33.5,3.24,23.0,8.1,3.3,1.6,0.5,0.1,0.5,0.3,0.492,0.429,0.55,84.5,107.5,0.6666666666666667,2022,80.0
1630173,Precious Achiuwa,Precious,Achiuwa,PF,2020,79.5,234.0,84.75,108.5,6.7,9.0,10.0,,,,,,61.0,12.1,5.0,3.4,0.5,0.3,0.5,0.7,0.544,0.0,0.509,84.75,108.5,0.7355371900826447,2020,80.7
1629656,Quentin Grimes,Quentin,Grimes,SG,2019,76.0,209.6,79.75,100.5,8.4,8.25,10.0,10.83,3.2,27.5,36.0,3.28,46.0,17.1,6.0,2.0,1.0,0.7,0.2,0.6,0.404,0.381,0.684,79.75,100.5,0.5263157894736842,2019,77.25
1629656,Quentin Grimes,Quentin,Grimes,SG,2021,76.0,205.0,80.0,101.0,6.6,8.5,10.0,11.09,3.07,30.5,38.5,3.33,46.0,17.1,6.0,2.0,1.0,0.7,0.2,0.6,0.404,0.381,0.684,80.0,101.0,0.5263157894736842,2021,77.25
1626188,Quinn Cook,Quinn,Cook,PG,2015,72.25,179.0,76.0,96.5,6.7,7.5,8.75,11.44,3.38,24.5,31.0,3.41,5.0,15.4,5.4,0.6,2.4,0.2,0.0,1.6,0.44,0.357,0.0,76.0,96.5,0.5454545454545454,2015,74.0
1629683,Quinndary Weatherspoon,Quinndary,Weatherspoon,SG,2019,75.0,206.6,81.0,100.0,6.1,8.5,9.0,11.57,3.16,31.0,38.0,3.15,11.0,7.1,1.1,0.6,1.0,0.3,0.1,0.5,0.294,0.2,0.5,81.0,100.0,0.3802816901408451,2019,76.25
1626154,R.J. Hunter,R.J.,Hunter,SG,2015,76.5,185.0,82.5,104.0,6.0,8.5,8.25,10.87,3.26,27.5,33.5,2.91,36.0,8.8,2.7,1.0,0.4,0.4,0.1,0.3,0.367,0.302,0.857,82.5,104.0,0.4659090909090909,2015,78.0
1630564,RaiQuan Gray,RaiQuan,Gray,PF,2021,78.5,268.6,82.75,105.0,17.3,9.25,9.0,11.69,3.25,26.5,31.5,3.3,1.0,35.0,16.0,9.0,7.0,0.0,1.0,4.0,0.5,0.4,1.0,82.75,105.0,0.9142857142857144,2021,79.75
1626176,Rakeem Christmas,Rakeem,Christmas,PF-C,2015,80.25,242.6,89.25,110.5,9.6,9.25,9.0,11.6,3.47,29.0,32.0,3.3,1.0,6.0,4.0,1.0,0.0,0.0,0.0,0.0,1.0,0.0,0.0,89.25,110.5,0.8333333333333334,2015,81.75
1626173,Rashad Vaughn,Rashad,Vaughn,SG,2015,75.75,198.6,79.0,101.0,6.2,8.0,8.5,11.4,3.21,28.0,34.0,3.1,70.0,14.3,3.1,1.3,0.6,0.4,0.2,0.4,0.305,0.293,0.8,79.0,101.0,0.3496503496503496,2015,77.0
1628959,Rawle Alkins,Rawle,Alkins,SG-SF,2017,74.5,222.6,80.75,99.0,11.0,8.75,10.0,11.99,3.3,31.5,40.5,3.18,10.0,12.0,3.7,2.6,1.3,0.1,0.0,0.8,0.333,0.25,0.667,80.75,99.0,0.6333333333333334,2017,75.75
1628959,Rawle Alkins,Rawle,Alkins,SG,2018,74.75,217.4,80.75,99.0,8.9,8.5,10.0,11.5,3.15,32.5,40.5,3.09,10.0,12.0,3.7,2.6,1.3,0.1,0.0,0.8,0.333,0.25,0.667,80.75,99.0,0.6333333333333334,2018,76.25
1629034,Ray Spalding,Ray,Spalding,PF,2018,81.0,215.4,88.75,109.0,5.55,9.25,9.0,11.48,3.34,26.0,32.0,3.2,1.0,1.0,0.0,0.0,0.0,0.0,0.0,0.0,0.0,0.0,0.0,88.75,109.0,0.0,2018,82.25
1641712,Rayan Rupert,Rayan,Rupert,SF,2023,78.0,193.2,86.0,106.0,,8.5,9.5,11.18,3.43,27.5,32.5,,39.0,16.2,4.0,2.4,1.6,0.3,0.1,0.8,0.335,0.359,0.76,86.0,106.0,0.4938271604938272,2023,
1641736,Reece Beekman,Reece,Beekman,PG,2023,73.5,190.6,79.0,100.5,,8.5,8.25,10.99,3.14,30.5,38.0,3.33,2.0,2.0,1.0,0.5,0.5,0.5,0.0,0.0,1.0,0.0,0.0,79.0,100.5,1.0,2023,
1629617,Reggie Perry,Reggie,Perry,SF-PF,2019,80.0,250.8,84.5,106.0,6.7,9.0,10.0,12.46,3.3,28.5,31.5,3.4,26.0,8.1,3.0,2.8,0.5,0.2,0.2,0.6,0.41,0.19,0.769,84.5,106.0,0.7777777777777778,2019,81.25
1629617,Reggie Perry,Reggie,Perry,PF-C,2020,80.25,249.6,84.25,106.5,8.4,9.25,11.0,11.26,3.25,30.0,33.5,2.57,26.0,8.1,3.0,2.8,0.5,0.2,0.2,0.6,0.41,0.19,0.769,84.25,106.5,0.7777777777777778,2020,81.2
1626158,Richaun Holmes,Richaun,Holmes,PF,2015,80.25,242.8,85.5,108.0,8.8,8.5,8.5,11.24,3.32,32.5,36.0,3.31,51.0,13.8,5.6,2.6,0.6,0.4,0.8,0.6,0.514,0.182,0.689,85.5,108.0,0.6376811594202898,2015,81.5
1641741,Ricky Council IV,Ricky,Council IV,SF,2023,77.0,208.0,81.0,103.0,,7.75,8.5,11.2,3.33,30.5,37.0,3.21,32.0,9.0,5.4,1.4,0.5,0.3,0.0,0.2,0.482,0.375,0.746,81.0,103.0,0.8111111111111112,2023,
1630218,Robert Woodard II,Robert,Woodard II,SF,2020,77.5,230.2,86.0,105.5,4.5,9.0,10.75,11.1,3.18,32.0,38.0,2.49,13.0,3.5,1.5,1.2,0.2,0.0,0.2,0.1,0.4,0.167,0.375,86.0,105.5,0.8285714285714286,2020,79.0
203918,Rodney Hood,Rodney,Hood,SF,2014,79.25,208.2,80.5,103.0,7.45,8.5,8.5,11.21,3.38,29.0,36.0,3.14,50.0,21.3,8.7,2.3,1.7,0.6,0.2,0.9,0.414,0.365,0.763,80.5,103.0,0.596244131455399,2014,80.5
1629641,Romeo Langford,Romeo,Langford,SG,2019,76.5,,83.0,103.0,,9.0,9.0,,,,,,32.0,11.6,2.5,1.3,0.4,0.3,0.3,0.3,0.35,0.185,0.72,83.0,103.0,0.3620689655172414,2019,78.0
1627758,Ron Baker,Ron,Baker,SG,2016,75.25,212.4,81.75,97.5,7.85,8.75,9.5,10.77,3.45,30.0,35.5,2.96,52.0,16.5,4.1,1.9,2.1,0.7,0.2,1.1,0.378,0.267,0.651,81.75,97.5,0.4909090909090909,2016,76.25
1631199,Ron Harper Jr.,Ron,Harper Jr.,SF,2022,76.0,240.4,85.25,105.5,14.3,9.5,10.0,11.41,3.4,26.0,30.5,3.24,9.0,5.3,2.2,0.8,0.4,0.0,0.1,0.0,0.5,0.333,1.0,85.25,105.5,0.6415094339622641,2022,77.5
1626178,Rondae Hollis-Jefferson,Rondae,Hollis-Jefferson,SF,2015,77.5,210.8,86.0,104.0,5.0,8.75,9.75,10.41,3.12,32.0,38.0,3.19,29.0,21.2,5.8,5.3,1.5,1.3,0.6,0.9,0.457,0.286,0.712,86.0,104.0,0.5943396226415094,2015,79.0
203893,Russ Smith,Russ,Smith,PG,2014,71.5,160.0,75.5,95.0,3.5,8.25,8.5,11.57,3.27,29.5,34.0,3.01,6.0,4.8,0.8,0.5,0.3,0.0,0.0,1.2,0.2,0.167,0.0,75.5,95.0,0.3333333333333333,2014,72.75
1631157,Ryan Rollins,Ryan,Rollins,SG,2022,74.0,179.2,81.75,100.5,5.0,8.0,8.5,11.26,3.07,30.5,36.5,3.28,12.0,5.2,1.9,1.0,0.5,0.1,0.1,1.3,0.35,0.333,1.0,81.75,100.5,0.6538461538461539,2022,75.25
1626155,Sam Dekker,Sam,Dekker,SF,2015,79.75,218.6,83.5,106.0,7.5,8.5,9.25,10.64,3.28,25.5,34.5,2.96,3.0,2.0,0.0,0.3,0.0,0.3,0.0,0.0,0.0,0.0,0.0,83.5,106.0,0.15,2015,81.0
1630573,Sam Hauser,Sam,Hauser,SF,2021,78.75,217.4,81.25,102.0,7.9,8.25,9.0,11.14,3.34,28.5,34.5,3.07,26.0,6.1,2.5,1.1,0.4,0.0,0.1,0.1,0.46,0.432,0.0,81.25,102.0,0.6557377049180328,2021,80.0
1630572,Sandro Mamukelashvili,Sandro,Mamukelashvili,C,2021,81.0,239.8,85.25,106.5,7.8,9.0,9.5,11.63,3.21,30.5,36.5,3.3,41.0,9.9,3.8,2.0,0.5,0.2,0.2,0.4,0.496,0.423,0.818,85.25,106.5,0.6363636363636364,2021,82.0
1630567,Scottie Barnes,Scottie,Barnes,SF,2021,79.0,225.4,86.75,108.0,5.3,9.25,10.25,10.88,3.15,36.0,39.5,2.99,74.0,35.4,15.3,7.5,3.5,1.1,0.7,1.8,0.492,0.301,0.735,86.75,108.0,0.7429378531073447,2021,80.0
1630575,Scottie Lewis,Scottie,Lewis,SF,2021,76.0,187.6,84.0,101.5,4.7,8.75,9.75,10.45,2.98,34.0,42.0,3.03,2.0,3.5,0.5,0.0,0.5,0.5,0.0,0.0,0.0,0.0,0.5,84.0,101.5,0.2857142857142857,2021,77.25
1630590,Scotty Pippen Jr.,Scotty,Pippen Jr.,PG,2022,72.0,180.0,77.75,95.5,5.3,7.75,9.0,11.07,3.21,30.5,37.5,3.1,6.0,5.3,2.3,0.7,0.3,0.3,0.2,0.3,0.333,0.333,0.556,77.75,95.5,0.6226415094339622,2022,73.5
203930,Sean Kilpatrick,Sean,Kilpatrick,SG,2014,74.5,218.7,79.0,99.0,9.2,9.0,9.0,,,,,,4.0,18.0,5.5,1.5,1.0,0.8,0.0,0.5,0.35,0.308,1.0,79.0,99.0,0.4444444444444444,2014,76.25
203902,Semaj Christon,Semaj,Christon,PG,2014,73.5,186.0,78.5,99.0,5.25,8.5,8.25,11.55,3.32,30.5,36.5,3.21,64.0,15.2,2.9,1.4,2.0,0.4,0.1,0.7,0.345,0.19,0.548,78.5,99.0,0.4144736842105263,2014,75.25
1628400,Semi Ojeleye,Semi,Ojeleye,SF-SG,2017,77.25,241.4,81.75,102.0,5.5,8.75,9.5,10.58,3.16,35.0,40.5,3.07,73.0,15.8,2.7,2.2,0.3,0.3,0.1,0.3,0.346,0.32,0.61,81.75,102.0,0.3291139240506329,2017,78.75
1641754,Seth Lundy,Seth,Lundy,SF,2023,76.0,214.4,82.25,104.0,,8.5,9.0,11.02,3.15,31.5,35.5,,9.0,5.8,1.6,0.8,0.0,0.0,0.0,0.1,0.235,0.231,0.75,82.25,104.0,0.4137931034482759,2023,
203894,Shabazz Napier,Shabazz,Napier,PG,2014,71.0,175.2,75.25,93.0,7.35,8.25,8.5,11.6,3.2,30.5,37.5,3.13,51.0,19.8,5.1,2.2,2.5,0.8,0.1,1.6,0.382,0.364,0.786,75.25,93.0,0.494949494949495,2014,73.0
1631101,Shaedon Sharpe,Shaedon,Sharpe,SG,2022,76.25,198.0,83.5,103.5,4.8,9.0,9.25,,,,,,80.0,22.2,9.9,3.0,1.2,0.5,0.3,1.0,0.472,0.36,0.714,83.5,103.5,0.6351351351351351,2022,77.25
1628983,Shai Gilgeous-Alexander,Shai,Gilgeous-Alexander,PG,2018,76.5,180.0,83.5,104.0,3.0,9.0,9.0,,,,,,82.0,26.5,10.8,2.8,3.3,1.2,0.5,1.7,0.476,0.367,0.8,83.5,104.0,0.6377358490566039,2018,78.0
1629003,Shake Milton,Shake,Milton,SG-PG,2018,76.5,207.2,84.75,99.5,6.8,8.75,9.5,11.07,3.25,30.0,33.0,3.19,20.0,13.4,4.4,1.8,0.9,0.4,0.4,0.3,0.391,0.318,0.714,84.75,99.5,0.5298507462686567,2018,77.5
1629044,Shamorie Ponds,Shamorie,Ponds,PG,2019,71.5,180.0,75.5,96.5,9.8,7.75,8.0,11.01,3.2,29.0,37.0,3.07,4.0,2.8,2.3,0.3,0.5,0.0,0.3,0.0,0.6,0.5,1.0,75.5,96.5,1.107142857142857,2019,72.5
1631321,Sidy Cissoko,Sidy,Cissoko,SF,2023,77.5,223.8,81.75,104.0,,9.25,10.0,11.24,3.31,30.5,35.5,,12.0,11.8,3.8,1.8,0.8,0.6,0.3,0.3,0.485,0.083,0.8,81.75,104.0,0.5423728813559321,2023,
1628414,Sindarius Thornwell,Sindarius,Thornwell,SG-SF,2017,75.5,211.6,82.0,103.0,7.8,8.75,8.75,11.48,3.36,27.0,30.5,3.03,73.0,15.8,3.9,1.9,0.9,0.7,0.3,0.7,0.429,0.377,0.67,82.0,103.0,0.4240506329113924,2017,76.75
1627746,Skal Labissiere,Skal,Labissiere,PF-C,2016,82.5,215.8,86.5,105.5,5.7,8.75,9.0,,,,,,33.0,18.5,8.8,4.9,0.8,0.5,0.4,1.1,0.537,0.375,0.703,86.5,105.5,0.7837837837837839,2016,83.75
1630219,Skylar Mays,Skylar,Mays,SG,2020,75.0,204.0,78.0,99.0,7.4,8.0,9.75,10.65,3.3,29.0,37.5,2.4,33.0,8.2,3.8,1.1,0.9,0.4,0.1,0.3,0.449,0.35,0.88,78.0,99.0,0.7073170731707319,2020,76.0
203915,Spencer Dinwiddie,Spencer,Dinwiddie,PG,2014,76.5,204.9,80.25,103.0,5.35,8.25,9.0,,,,,,34.0,13.4,4.3,1.4,3.1,0.6,0.2,1.0,0.302,0.185,0.912,80.25,103.0,0.6567164179104477,2014,78.0
1626169,Stanley Johnson,Stanley,Johnson,SF,2015,77.0,241.8,83.5,102.0,7.5,9.0,9.0,,,,,,73.0,23.1,8.1,4.2,1.6,0.8,0.2,1.6,0.375,0.307,0.784,83.5,102.0,0.6017316017316017,2015,78.5
1627757,Stephen Zimmerman,Stephen,Zimmerman,C,2016,82.25,234.0,87.25,108.5,11.15,9.0,9.0,12.08,3.43,26.0,31.0,3.16,19.0,5.7,1.2,1.8,0.2,0.1,0.3,0.2,0.323,0.0,0.6,87.25,108.5,0.5614035087719298,2016,83.75
1629004,Svi Mykhailiuk,Svi,Mykhailiuk,SG-SF,2017,78.5,219.6,77.0,100.0,11.4,8.0,9.25,12.4,3.53,27.0,33.0,3.25,39.0,10.8,3.3,0.9,0.8,0.3,0.0,0.5,0.333,0.318,0.6,77.0,100.0,0.4629629629629629,2017,79.5
1629004,Sviatoslav Mykhailiuk,Sviatoslav,Mykhailiuk,SG-SF,2018,78.5,211.6,76.75,100.0,8.45,8.25,9.5,11.25,3.15,30.5,37.0,3.18,39.0,10.8,3.3,0.9,0.8,0.3,0.0,0.5,0.333,0.318,0.6,76.75,100.0,0.4629629629629629,2018,79.75
203933,T.J. Warren,T.J.,Warren,SF,2014,79.0,220.2,82.25,104.0,7.95,8.75,9.0,11.1,3.26,27.0,35.5,3.04,40.0,15.4,6.1,2.1,0.6,0.5,0.2,0.7,0.528,0.238,0.737,82.25,104.0,0.5714285714285714,2014,80.25
1628388,TJ Leaf,TJ,Leaf,PF,2017,80.75,222.2,83.0,107.0,6.8,8.5,9.5,11.55,3.27,29.0,34.5,3.27,53.0,8.7,2.9,1.5,0.2,0.1,0.1,0.2,0.471,0.429,0.625,83.0,107.0,0.5287356321839082,2017,81.75
204456,TJ McConnell,TJ,McConnell,PG,2015,72.5,187.8,74.0,96.5,7.3,7.5,7.0,10.95,3.3,26.0,31.5,3.09,81.0,19.8,6.1,3.1,4.5,1.2,0.1,1.7,0.47,0.348,0.634,74.0,96.5,0.6919191919191918,2015,74.0
1629605,Tacko Fall,Tacko,Fall,C,2019,89.25,288.8,98.25,122.5,6.8,10.5,10.5,13.01,3.78,22.0,26.5,3.46,7.0,4.7,3.3,2.1,0.1,0.1,0.6,0.4,0.786,0.0,0.333,98.25,122.5,1.1702127659574468,2019,91.0
1629659,Talen Horton-Tucker,Talen,Horton-Tucker,SG,2019,74.5,235.4,85.25,103.0,8.4,9.5,9.75,11.34,3.34,26.0,34.5,3.43,6.0,13.5,5.7,1.2,1.0,1.3,0.2,1.0,0.467,0.308,0.5,85.25,103.0,0.5851851851851853,2019,76.0
1631106,Tari Eason,Tari,Eason,PF,2022,78.75,217.4,86.0,107.5,5.9,9.25,11.0,,,,,,82.0,21.5,9.3,6.0,1.1,1.2,0.6,1.2,0.448,0.343,0.752,86.0,107.5,0.7627906976744186,2022,80.0
1627752,Taurean Prince,Taurean,Prince,SF,2016,78.5,220.2,83.5,102.0,6.45,9.0,8.5,10.96,3.24,34.0,36.0,2.8,59.0,16.6,5.7,2.7,0.9,0.7,0.5,1.0,0.4,0.324,0.787,83.5,102.0,0.5602409638554217,2016,79.75
1641707,Taylor Hendricks,Taylor,Hendricks,PF,2023,80.25,213.6,84.5,107.0,,9.25,10.25,11.27,3.32,32.5,36.0,,40.0,21.4,7.3,4.6,0.8,0.7,0.8,0.7,0.45,0.379,0.793,84.5,107.0,0.5934579439252337,2023,
1629611,Terance Mann,Terance,Mann,SG-SF,2019,76.75,204.6,79.75,101.0,4.0,9.5,9.25,11.51,3.3,32.5,38.5,3.14,41.0,8.8,2.4,1.3,1.3,0.3,0.1,0.4,0.468,0.35,0.667,79.75,101.0,0.5681818181818181,2019,78.5
1629056,Terence Davis,Terence,Davis,SG,2019,75.0,192.4,80.75,101.0,4.1,9.25,10.75,10.69,3.28,29.5,34.0,2.96,72.0,16.8,7.5,3.3,1.6,0.5,0.2,1.1,0.456,0.388,0.864,80.75,101.0,0.7380952380952381,2019,76.5
1631173,Terquavion Smith,Terquavion,Smith,SG,2022,74.25,165.2,78.5,98.0,3.8,8.5,8.0,10.63,3.14,30.5,38.5,3.03,16.0,5.3,3.3,0.3,0.8,0.5,0.0,0.4,0.391,0.371,0.6,78.5,98.0,0.830188679245283,2022,75.75
1631173,Terquavion Smith,Terquavion,Smith,SG,2023,74.5,163.2,78.75,98.0,,8.5,8.0,10.86,3.21,30.0,37.0,,16.0,5.3,3.3,0.3,0.8,0.5,0.0,0.4,0.391,0.371,0.6,78.75,98.0,0.830188679245283,2023,
1628390,Terrance Ferguson,Terrance,Ferguson,SG-SF,2017,77.5,184.4,80.75,103.0,5.8,8.5,10.0,11.16,3.32,28.5,38.0,3.22,61.0,12.5,3.1,0.8,0.3,0.4,0.2,0.2,0.414,0.333,0.9,80.75,103.0,0.336,2017,79.0
1630545,Terrence Shannon Jr.,Terrence,Shannon Jr.,SF,2021,77.5,206.6,80.25,100.0,6.7,8.0,8.0,11.51,3.21,32.5,39.5,3.12,31.0,10.8,4.5,1.5,1.0,0.2,0.2,0.5,0.482,0.355,0.81,80.25,100.0,0.6481481481481481,2021,78.5
1630545,Terrence Shannon Jr.,Terrence,Shannon Jr.,SF,2023,77.5,220.0,80.0,102.0,,8.25,8.0,10.36,3.06,32.0,37.5,,31.0,10.8,4.5,1.5,1.0,0.2,0.2,0.5,0.482,0.355,0.81,80.0,102.0,0.6481481481481481,2023,
1626179,Terry Rozier,Terry,Rozier,PG-SG,2015,72.5,190.2,80.25,98.5,5.6,8.25,8.5,10.84,3.15,33.0,38.0,2.84,39.0,8.0,1.8,1.6,0.9,0.2,0.0,0.5,0.274,0.222,0.8,80.25,98.5,0.5375000000000001,2015,74.25
203648,Thanasis Antetokounmpo,Thanasis,Antetokounmpo,SF,2014,77.25,205.2,84.0,104.5,6.05,9.0,9.75,11.39,3.18,31.5,39.5,3.05,2.0,3.0,3.0,0.5,0.0,0.0,0.0,0.0,0.75,0.0,0.0,84.0,104.5,1.1666666666666667,2014,78.25
1630177,Theo Maledon,Theo,Maledon,PG,2020,76.0,187.4,80.75,100.5,2.8,8.5,10.0,,,,,,65.0,27.4,10.1,3.2,3.5,0.9,0.2,2.2,0.368,0.335,0.748,80.75,100.5,0.6131386861313869,2020,77.0
1629033,Theo Pinson,Theo,Pinson,SG-SF,2018,77.0,211.2,82.75,103.5,7.35,9.0,9.0,11.53,3.22,27.0,34.0,3.11,18.0,11.7,4.5,2.0,1.2,0.3,0.0,1.0,0.342,0.261,0.864,82.75,103.5,0.6581196581196582,2018,78.75
1628418,Thomas Bryant,Thomas,Bryant,PF-C,2017,81.5,247.8,90.0,112.5,9.4,9.5,10.25,11.42,3.37,25.5,33.0,3.12,15.0,4.8,1.5,1.1,0.4,0.1,0.1,0.1,0.381,0.1,0.556,90.0,112.5,0.625,2017,82.75
1629118,Thomas Welsh,Thomas,Welsh,PF-C,2017,83.5,254.0,84.0,109.5,10.9,9.0,10.5,,,,,,11.0,3.3,1.6,0.4,0.5,0.0,0.0,0.1,0.538,0.429,0.5,84.0,109.5,0.7575757575757576,2017,84.5
1627748,Thon Maker,Thon,Maker,PF,2016,83.75,216.0,87.0,110.5,6.05,8.75,9.5,11.15,3.33,32.0,36.5,3.09,57.0,9.9,4.0,2.0,0.4,0.2,0.5,0.3,0.459,0.378,0.653,87.0,110.5,0.6464646464646465,2016,84.75
1628396,Tony Bradley,Tony,Bradley,C,2017,81.25,248.8,89.0,112.5,12.0,9.5,9.5,11.79,3.44,24.5,27.5,2.99,9.0,3.2,0.9,1.2,0.1,0.0,0.0,0.0,0.273,0.0,1.0,89.0,112.5,0.6875,2017,82.75
1641739,Toumani Camara,Toumani,Camara,PF,2023,79.0,220.4,84.5,107.0,,9.0,10.0,10.7,3.41,28.5,33.0,3.19,70.0,24.8,7.5,4.9,1.2,0.9,0.5,1.2,0.45,0.337,0.758,84.5,107.0,0.5483870967741935,2023,
1629027,Trae Young,Trae,Young,PG,2018,72.5,177.8,75.0,95.5,5.35,8.0,9.25,,,,,,81.0,30.9,19.1,3.7,8.1,0.9,0.2,3.8,0.418,0.324,0.829,75.0,95.5,1.0,2018,73.75
1631218,Trayce Jackson-Davis,Trayce,Jackson-Davis,C,2023,80.25,240.4,85.0,106.0,,9.25,10.75,11.8,3.2,33.0,36.5,3.23,68.0,16.6,7.9,5.0,1.2,0.4,1.1,0.7,0.702,0.0,0.561,85.0,106.0,0.8493975903614457,2023,
1630544,Tre Mann,Tre,Mann,PG,2021,75.25,177.6,76.0,98.5,4.1,8.0,9.0,,,,,,60.0,22.8,10.4,2.9,1.5,0.8,0.2,1.2,0.393,0.36,0.793,76.0,98.5,0.6491228070175439,2021,76.25
1629682,Tremont Waters,Tremont,Waters,PG,2019,69.5,172.4,74.25,93.5,6.6,8.0,9.75,10.76,3.07,30.5,40.5,3.11,11.0,10.8,3.6,1.1,1.5,0.9,0.2,1.4,0.286,0.167,1.0,74.25,93.5,0.5740740740740741,2019,70.75
1630570,Trendon Watford,Trendon,Watford,PF,2021,79.5,237.4,86.25,105.0,10.1,9.5,9.5,11.69,3.27,28.0,35.0,3.23,48.0,18.1,7.6,4.1,1.7,0.5,0.6,0.9,0.532,0.237,0.755,86.25,105.0,0.7403314917127071,2021,80.75
1630235,Trent Forrest,Trent,Forrest,PG,2020,75.5,203.0,79.5,102.5,5.65,9.0,9.75,11.04,3.18,28.0,34.5,2.5,30.0,10.1,2.9,1.5,1.5,0.3,0.1,0.7,0.451,0.192,1.0,79.5,102.5,0.5841584158415842,2020,76.7
1626203,Treveon Graham,Treveon,Graham,SF,2015,76.0,219.4,82.5,103.0,5.5,8.5,8.25,11.64,3.3,28.5,31.5,3.15,27.0,7.0,2.1,0.8,0.2,0.2,0.0,0.1,0.475,0.6,0.667,82.5,103.0,0.4428571428571429,2015,77.75
1628979,Trevon Duval,Trevon,Duval,PG,2018,73.5,191.0,80.25,97.5,5.2,8.75,10.0,10.93,3.18,34.0,41.5,3.09,3.0,2.0,1.7,0.3,0.7,0.0,0.0,0.0,0.667,1.0,0.0,80.25,97.5,1.35,2018,74.5
1631211,Trevor Keels,Trevor,Keels,SG,2022,75.25,223.8,79.25,101.0,13.5,8.25,9.0,11.33,3.27,24.5,31.0,3.32,3.0,2.7,1.0,0.7,0.0,0.0,0.0,0.0,0.25,0.25,0.0,79.25,101.0,0.6296296296296295,2022,76.75
1641725,Trey Alexander,Trey,Alexander,SG,2023,75.25,184.6,82.0,101.5,,8.5,8.75,11.6,3.35,29.5,34.0,,23.0,4.8,1.3,0.5,0.5,0.0,0.0,0.2,0.3,0.176,0.75,82.0,101.5,0.4791666666666666,2023,
1626168,Trey Lyles,Trey,Lyles,PF,2015,81.0,241.2,85.5,108.0,12.1,9.25,10.25,,,,,,80.0,17.3,6.1,3.7,0.7,0.3,0.2,0.8,0.438,0.383,0.695,85.5,108.0,0.6069364161849711,2015,82.25
1630530,Trey Murphy III,Trey,Murphy III,SF,2021,79.5,206.0,84.0,105.5,8.1,8.5,9.0,11.65,3.14,34.0,38.0,3.32,62.0,13.9,5.4,2.4,0.6,0.4,0.1,0.3,0.394,0.382,0.882,84.0,105.5,0.60431654676259,2021,81.25
1641774,Tristan Vukcevic,Tristan,Vukcevic,C,2023,83.25,223.4,86.5,111.0,,9.0,10.25,11.71,3.43,26.0,30.5,3.16,10.0,15.3,8.5,3.6,1.3,0.5,0.7,1.0,0.433,0.278,0.773,86.5,111.0,0.8758169934640523,2023,
1628972,Troy Brown,Troy,Brown,SF,2018,77.75,208.0,82.25,105.0,7.05,9.0,9.75,11.51,3.33,26.0,33.0,3.29,52.0,14.0,4.8,2.8,1.5,0.4,0.1,0.6,0.415,0.319,0.681,82.25,105.0,0.65,2018,78.75
1627786,Troy Williams,Troy,Williams,SF,2016,77.75,217.8,80.25,102.0,10.0,8.25,9.25,10.72,3.35,30.0,36.0,3.08,24.0,17.4,5.3,1.9,0.8,1.0,0.4,1.1,0.415,0.244,0.6,80.25,102.0,0.4597701149425287,2016,78.75
1629660,Ty Jerome,Ty,Jerome,PG,2019,76.25,194.4,76.0,98.0,6.5,8.25,9.5,11.21,3.4,26.0,31.5,3.12,31.0,10.6,3.3,1.5,1.4,0.5,0.1,0.6,0.336,0.28,0.75,76.0,98.0,0.5849056603773585,2019,77.5
1630234,Ty-Shon Alexander,Ty-Shon,Alexander,SG,2020,74.0,200.8,80.0,100.0,12.3,8.75,8.75,11.33,3.26,28.0,33.0,2.47,15.0,3.1,0.6,0.7,0.4,0.0,0.1,0.2,0.25,0.222,0.5,80.0,100.0,0.5483870967741934,2020,76.0
1631102,TyTy Washington Jr.,TyTy,Washington Jr.,SG,2022,74.25,196.4,80.0,99.5,12.0,8.5,9.25,,,,,,31.0,14.0,4.7,1.5,1.5,0.5,0.1,0.5,0.363,0.238,0.556,80.0,99.5,0.55,2022,75.75
1630189,Tyler Bey,Tyler,Bey,PF,2020,78.0,212.8,85.25,105.5,5.0,8.5,9.0,11.35,3.17,37.0,43.5,2.75,18.0,3.9,1.0,1.1,0.2,0.0,0.1,0.2,0.318,0.25,0.6,85.25,105.5,0.5897435897435899,2020,79.0
1629076,Tyler Cook,Tyler,Cook,PF,2019,79.25,245.4,84.5,106.5,6.1,9.5,10.75,11.32,3.28,27.5,32.0,3.1,11.0,3.2,1.7,0.9,0.1,0.1,0.0,0.1,0.7,0.0,0.833,84.5,106.5,0.84375,2019,80.75
1628416,Tyler Dorsey,Tyler,Dorsey,SG,2017,75.0,182.6,77.25,99.5,4.7,8.5,9.25,10.55,3.16,30.5,36.0,2.98,56.0,17.4,7.2,2.3,1.4,0.3,0.1,0.7,0.377,0.362,0.714,77.25,99.5,0.6264367816091955,2017,76.5
203898,Tyler Ennis,Tyler,Ennis,PG,2014,73.0,181.5,79.25,98.0,6.2,8.25,8.75,11.12,3.3,29.0,36.0,2.84,8.0,7.3,2.8,0.9,1.8,0.0,0.3,1.0,0.429,0.333,1.0,79.25,98.0,0.7534246575342466,2014,74.5
1629639,Tyler Herro,Tyler,Herro,SG,2019,76.5,192.4,75.25,100.5,7.1,8.0,8.75,,,,,,55.0,27.4,13.5,4.1,2.2,0.6,0.2,1.6,0.428,0.389,0.87,75.25,100.5,0.7226277372262775,2019,78.0
1628399,Tyler Lydon,Tyler,Lydon,PF,2017,80.25,215.0,84.0,107.5,13.6,8.75,8.75,11.68,3.46,29.5,33.5,2.81,1.0,2.0,0.0,0.0,0.0,0.0,0.0,0.0,0.0,0.0,0.0,84.0,107.5,0.0,2017,81.5
1627755,Tyler Ulis,Tyler,Ulis,PG,2016,68.75,149.2,74.0,88.5,5.2,7.5,7.5,10.8,3.2,32.5,38.0,2.88,61.0,18.4,7.3,1.6,3.7,0.8,0.1,1.3,0.421,0.266,0.775,74.0,88.5,0.6847826086956523,2016,70.0
1630179,Tyrell Terry,Tyrell,Terry,PG,2020,73.5,170.0,73.75,96.0,7.6,7.5,8.25,10.78,3.28,30.0,34.0,2.59,11.0,5.1,1.0,0.5,0.5,0.5,0.0,0.2,0.313,0.0,0.333,73.75,96.0,0.3921568627450981,2020,75.0
1626145,Tyus Jones,Tyus,Jones,PG,2015,72.5,184.6,77.0,97.0,6.5,8.25,8.75,11.84,3.32,26.5,32.5,2.95,37.0,15.5,4.2,1.3,2.9,0.8,0.1,0.9,0.359,0.302,0.718,77.0,97.0,0.5419354838709678,2015,74.0
1628962,Udoka Azubuike,Udoka,Azubuike,C,2018,82.0,273.8,91.0,112.5,7.95,9.5,10.0,12.97,3.12,31.0,31.5,3.65,15.0,3.8,1.1,0.9,0.0,0.1,0.3,0.2,0.444,0.0,0.8,91.0,112.5,0.5263157894736842,2018,84.25
1628962,Udoka Azubuike,Udoka,Azubuike,C,2020,82.0,259.5,91.25,109.0,9.61,9.25,10.0,11.82,3.23,37.0,41.0,3.61,15.0,3.8,1.1,0.9,0.0,0.1,0.3,0.2,0.444,0.0,0.8,91.25,109.0,0.5263157894736842,2020,83.5
1626205,Vince Hunter,Vince,Hunter,PF,2015,78.75,208.4,83.0,104.5,4.6,9.0,8.75,11.19,3.26,33.5,37.5,3.06,4.0,1.8,1.5,0.8,0.0,0.0,0.3,0.3,0.6,0.0,0.0,83.0,104.5,1.2777777777777777,2015,79.5
1627735,Wade Baldwin IV,Wade,Baldwin IV,PG,2016,74.5,201.8,83.25,100.0,5.2,9.0,9.75,10.45,3.19,32.5,38.0,3.01,33.0,12.3,3.2,1.4,1.8,0.5,0.2,1.2,0.313,0.136,0.838,83.25,100.0,0.5203252032520325,2016,76.0
1631117,Walker Kessler,Walker,Kessler,C,2022,84.25,256.0,88.25,113.0,14.7,8.5,8.5,,,,,,74.0,23.0,9.2,8.4,0.9,0.4,2.3,0.8,0.72,0.333,0.516,88.25,113.0,0.8043478260869565,2022,85.0
1627782,Wayne Selden,Wayne,Selden,SG,2016,76.25,232.4,82.5,101.0,7.3,9.0,9.25,,,,,,3.0,15.7,5.3,1.7,0.3,0.7,0.0,1.0,0.625,0.571,0.5,82.5,101.0,0.464968152866242,2016,77.75
1628976,Wendell Carter,Wendell,Carter,C-PF,2018,80.75,251.4,88.5,109.0,7.85,8.5,9.0,,,,,,44.0,25.2,10.3,7.0,1.8,0.6,1.3,1.5,0.485,0.188,0.795,88.5,109.0,0.757936507936508,2018,82.0
1631111,Wendell Moore,Wendell,Moore,SG,2022,76.25,217.2,84.5,101.0,7.5,8.75,10.25,10.94,3.3,32.5,38.5,3.21,29.0,5.3,1.4,0.6,0.6,0.3,0.2,0.3,0.419,0.118,0.8,84.5,101.0,0.4905660377358491,2022,77.5
1628411,Wesley Iwundu,Wesley,Iwundu,SG-SF,2017,77.5,193.4,85.0,105.5,4.0,8.75,9.5,11.25,3.36,31.5,36.0,3.23,62.0,16.5,3.7,2.2,0.9,0.5,0.2,0.5,0.427,0.196,0.723,85.0,105.5,0.4121212121212121,2017,78.75
1626161,Willie Cauley-Stein,Willie,Cauley-Stein,C,2015,83.25,242.4,87.0,111.0,6.3,9.5,9.0,,,,,,66.0,21.4,7.0,5.3,0.6,0.7,1.0,0.7,0.563,0.0,0.648,87.0,111.0,0.602803738317757,2015,84.5
1630214,Xavier Tillman Sr.,Xavier,Tillman Sr.,PF-C,2020,79.5,266.5,86.0,106.0,8.5,10.25,11.0,11.8,3.49,26.0,32.5,3.01,59.0,18.4,6.6,4.3,1.3,0.7,0.6,0.8,0.559,0.338,0.642,86.0,106.0,0.6630434782608696,2020,80.5
1628999,Yante Maten,Yante,Maten,PF-C,2018,79.25,246.2,84.5,107.5,8.1,9.25,10.0,11.35,3.17,27.0,31.5,3.13,2.0,6.5,1.0,1.5,0.0,0.5,0.0,0.0,0.25,0.0,0.0,84.5,107.5,0.3846153846153846,2018,80.5
1630582,Yves Pons,Yves,Pons,PF,2021,77.5,206.4,84.75,104.0,4.0,9.0,9.25,10.89,3.1,36.0,42.5,3.05,12.0,5.9,1.1,1.0,0.1,0.1,0.3,0.1,0.313,0.333,0.0,84.75,104.0,0.3728813559322034,2021,78.75
1628380,Zach Collins,Zach,Collins,PF-C,2017,82.25,232.2,85.0,111.0,8.9,8.75,9.25,,,,,,66.0,15.8,4.4,3.3,0.8,0.3,0.5,0.9,0.398,0.31,0.643,85.0,111.0,0.5379746835443038,2017,84.0
1641744,Zach Edey,Zach,Edey,C,2023,87.25,306.4,94.5,115.5,,9.75,11.0,11.37,3.45,26.0,29.5,,62.0,20.8,9.2,7.8,0.9,0.5,1.3,1.3,0.578,0.375,0.726,94.5,115.5,0.860576923076923,2023,
203897,Zach LaVine,Zach,LaVine,PG,2014,76.5,180.9,80.25,100.0,4.7,8.25,8.75,10.42,3.19,33.5,41.5,2.8,77.0,24.7,10.1,2.8,3.6,0.7,0.1,2.5,0.422,0.341,0.842,80.25,100.0,0.6680161943319838,2014,77.75
1629668,Zach Norvell Jr.,Zach,Norvell Jr.,SG,2019,76.5,206.4,78.0,101.0,7.5,8.5,9.5,11.6,3.43,24.0,30.0,3.34,2.0,2.5,0.0,0.5,0.0,0.0,0.0,0.0,0.0,0.0,0.0,78.0,101.0,0.2,2019,77.5
1630192,Zeke Nnaji,Zeke,Nnaji,PF-C,2020,81.25,246.8,86.0,105.5,5.9,9.0,10.5,10.94,3.2,33.0,38.0,2.72,42.0,9.5,3.2,1.5,0.2,0.2,0.1,0.2,0.481,0.407,0.8,86.0,105.5,0.5157894736842106,2020,82.5
1629015,Zhaire Smith,Zhaire,Smith,SF-SG,2018,74.75,198.6,81.75,100.0,6.05,8.75,8.25,11.02,3.05,33.0,41.5,3.15,6.0,18.5,6.7,2.2,1.7,0.3,0.3,1.0,0.412,0.375,0.75,81.75,100.0,0.572972972972973,2018,76.0
1627753,Zhou Qi,Zhou,Qi,PF-C,2016,85.25,218.2,91.75,112.5,4.85,9.25,9.5,11.27,3.46,31.5,32.0,2.9,18.0,6.9,1.2,1.2,0.1,0.1,0.8,0.6,0.188,0.105,0.667,91.75,112.5,0.3623188405797101,2016,86.25
1630533,Ziaire Williams,Ziaire,Williams,SF,2021,80.25,188.4,82.25,106.5,4.4,9.0,8.75,10.69,3.12,34.0,39.5,3.04,62.0,21.7,8.1,2.1,1.0,0.6,0.2,0.7,0.45,0.314,0.782,82.25,106.5,0.5161290322580645,2021,81.75
