TEMP_PLAYER_ID,PLAYER_ID,FIRST_NAME,LAST_NAME,PLAYER_NAME,POSITION,HEIGHT_WO_SHOES,HEIGHT_W_SHOES,WEIGHT,WINGSPAN,STANDING_REACH,BODY_FAT_PCT,HAND_LENGTH,HAND_WIDTH,DRAFT_YEAR,SEASON,GAMES_PLAYED,MINUTES,POINTS,REBOUNDS,ASSISTS,STEALS,BLOCKS,TURNOVERS,FIELD_GOAL_PCT,THREE_POINT_PCT,FREE_THROW_PCT,HEIGHT_WO_SHOES_INCHES,HEIGHT_W_SHOES_INCHES,WINGSPAN_INCHES,STANDING_REACH_INCHES,PRA_PERMIN
14000,203919,Jordan,Adams,Jordan Adams,SG,75.5,76.75,208.8,82.0,102.0,10.8,8.5,7.5,2014,2014-15,30.0,8.3,3.1,0.9,0.5,0.5,0.2,0.5,0.407,0.4,0.609,75.5,76.75,82.0,102.0,0.5421686746987951
14001,203937,Kyle,Anderson,Kyle Anderson,SF,79.5,80.5,230.1,86.75,107.5,13.35,8.25,8.75,2014,2014-15,33.0,10.8,2.2,2.2,0.8,0.5,0.2,0.3,0.348,0.273,0.643,79.5,80.5,86.75,107.5,0.48148148148148145
14002,203648,Thanasis,Antetokounmpo,Thanasis Antetokounmpo,SF,77.25,78.25,205.2,84.0,104.5,6.05,9.0,9.75,2014,2014-15,2.0,3.0,3.0,0.5,0.0,0.0,0.0,0.0,0.75,0.0,0.0,77.25,78.25,84.0,104.5,1.1666666666666667
14005,203946,Cameron,Bairstow,Cameron Bairstow,PF,80.75,81.75,252.4,84.75,107.0,8.7,8.75,9.0,2014,2014-15,18.0,3.6,0.6,0.4,0.1,0.1,0.1,0.2,0.214,0.0,0.8,80.75,81.75,84.75,107.0,0.3055555555555556
14006,203920,Khem,Birch,Khem Birch,PF,79.5,81.25,208.8,85.0,107.0,6.0,9.0,8.5,2014,2014-15,42.0,13.8,4.2,4.3,0.8,0.4,0.5,0.5,0.54,0.0,0.689,79.5,81.25,85.0,107.0,0.6739130434782609
14008,203900,Markel,Brown,Markel Brown,SG,74.5,75.5,184.4,80.75,100.0,4.2,8.25,9.75,2014,2014-15,47.0,16.6,4.6,2.3,0.8,0.7,0.3,0.6,0.362,0.266,0.825,74.5,75.5,80.75,100.0,0.4638554216867469
14007,203913,Jabari,Brown,Jabari Brown,SG,75.0,76.25,201.9,80.25,100.0,6.05,9.0,9.25,2014,2014-15,19.0,29.9,11.9,1.9,2.1,0.6,0.1,1.7,0.412,0.371,0.753,75.0,76.25,80.25,100.0,0.5317725752508362
14011,203902,Semaj,Christon,Semaj Christon,PG,73.5,75.25,186.0,78.5,99.0,5.25,8.5,8.25,2014,2014-15,64.0,15.2,2.9,1.4,2.0,0.4,0.1,0.7,0.345,0.19,0.548,73.5,75.25,78.5,99.0,0.4144736842105263
14012,203903,Jordan,Clarkson,Jordan Clarkson,PG,75.25,77.0,186.3,80.0,98.0,4.3,8.25,9.0,2014,2014-15,59.0,25.0,11.9,3.2,3.5,0.9,0.2,1.6,0.448,0.314,0.829,75.25,77.0,80.0,98.0,0.7440000000000001
14015,203915,Spencer,Dinwiddie,Spencer Dinwiddie,PG,76.5,78.0,204.9,80.25,103.0,5.35,8.25,9.0,2014,2014-15,34.0,13.4,4.3,1.4,3.1,0.6,0.2,1.0,0.302,0.185,0.912,76.5,78.0,80.25,103.0,0.6567164179104477
14016,203921,Cleanthony,Early,Cleanthony Early,SF,78.0,79.25,209.4,82.75,101.5,4.45,8.5,9.0,2014,2014-15,39.0,16.6,5.4,2.5,0.9,0.6,0.3,1.0,0.355,0.262,0.75,78.0,79.25,82.75,101.5,0.5301204819277109
14019,203898,Tyler,Ennis,Tyler Ennis,PG,73.0,74.5,181.5,79.25,98.0,6.2,8.25,8.75,2014,2014-15,8.0,7.3,2.8,0.9,1.8,0.0,0.3,1.0,0.429,0.333,1.0,73.0,74.5,79.25,98.0,0.7534246575342466
14020,203957,Dante,Exum,Dante Exum,SG,76.5,78.0,196.3,81.5,103.0,6.4,8.5,9.5,2014,2014-15,82.0,22.2,4.8,1.6,2.4,0.5,0.2,1.4,0.349,0.314,0.625,76.5,78.0,81.5,103.0,0.39639639639639646
14022,203932,Aaron,Gordon,Aaron Gordon,PF,79.5,80.75,220.1,83.75,105.0,5.05,8.75,10.5,2014,2014-15,47.0,17.0,5.2,3.6,0.7,0.4,0.5,0.8,0.447,0.271,0.721,79.5,80.75,83.75,105.0,0.5588235294117647
14023,203924,Jerami,Grant,Jerami Grant,SF,78.5,79.75,214.0,86.75,107.0,3.75,9.25,9.25,2014,2014-15,65.0,21.2,6.3,3.0,1.2,0.6,1.0,1.3,0.352,0.314,0.591,78.5,79.75,86.75,107.0,0.49528301886792453
14024,203798,P.J.,Hairston,P.J. Hairston,SG,76.25,77.25,228.8,81.0,101.0,8.2,8.75,9.75,2014,2014-15,45.0,15.3,5.6,2.0,0.5,0.5,0.3,0.5,0.323,0.301,0.861,76.25,77.25,81.0,101.0,0.5294117647058824
14025,203914,Gary,Harris,Gary Harris,SG,74.5,76.5,204.8,78.75,96.0,4.55,8.5,9.5,2014,2014-15,55.0,13.1,3.4,1.2,0.5,0.7,0.1,0.7,0.304,0.204,0.745,74.5,76.5,78.75,96.0,0.3893129770992366
14026,203925,Joe,Harris,Joe Harris,SG,76.75,78.25,215.0,78.0,100.0,6.2,8.5,9.75,2014,2014-15,51.0,9.7,2.7,0.8,0.5,0.1,0.0,0.5,0.4,0.369,0.6,76.75,78.25,78.0,100.0,0.4123711340206186
14027,203918,Rodney,Hood,Rodney Hood,SF,79.25,80.5,208.2,80.5,103.0,7.45,8.5,8.5,2014,2014-15,50.0,21.3,8.7,2.3,1.7,0.6,0.2,0.9,0.414,0.365,0.763,79.25,80.5,80.5,103.0,0.596244131455399
14028,203928,Cory,Jefferson,Cory Jefferson,PF,79.75,81.0,218.4,84.5,105.0,5.25,8.75,9.75,2014,2014-15,50.0,10.6,3.7,2.9,0.3,0.2,0.4,0.4,0.449,0.133,0.574,79.75,81.0,84.5,105.0,0.6509433962264151
14029,203910,Nick,Johnson,Nick Johnson,SG,73.5,75.0,198.0,79.25,96.5,6.05,8.75,9.75,2014,2014-15,28.0,9.4,2.6,1.4,0.4,0.3,0.1,0.7,0.347,0.238,0.68,73.5,75.0,79.25,96.5,0.46808510638297873
14031,203930,Sean,Kilpatrick,Sean Kilpatrick,SG,74.5,76.25,218.7,79.0,99.0,9.2,9.0,9.0,2014,2014-15,4.0,18.0,5.5,1.5,1.0,0.8,0.0,0.5,0.35,0.308,1.0,74.5,76.25,79.0,99.0,0.4444444444444444
14032,203945,Alex,Kirk,Alex Kirk,PF,81.25,82.75,252.0,87.5,109.5,13.6,9.25,10.5,2014,2014-15,5.0,2.8,0.8,0.2,0.2,0.0,0.0,0.0,0.25,0.0,1.0,81.25,82.75,87.5,109.5,0.4285714285714286
14033,203897,Zach,LaVine,Zach LaVine,PG,76.5,77.75,180.9,80.25,100.0,4.7,8.25,8.75,2014,2014-15,77.0,24.7,10.1,2.8,3.6,0.7,0.1,2.5,0.422,0.341,0.842,76.5,77.75,80.25,100.0,0.6680161943319838
14034,203906,Devyn,Marble,Devyn Marble,SG,77.0,78.5,192.4,81.0,102.0,6.9,8.25,8.5,2014,2014-15,16.0,13.0,2.3,1.9,1.1,0.6,0.1,0.6,0.318,0.182,0.313,77.0,78.5,81.0,102.0,0.40769230769230763
14039,203949,James,McAdoo,James McAdoo,PF,79.5,80.75,227.6,86.25,106.5,6.15,9.25,9.0,2014,2014-15,15.0,9.1,4.1,2.5,0.1,0.3,0.6,0.4,0.545,0.0,0.56,79.5,80.75,86.25,106.5,0.7362637362637362
14035,203909,K.J.,McDaniels,K.J. McDaniels,SF,76.5,78.0,195.6,83.25,102.0,4.45,8.75,9.75,2014,2014-15,52.0,25.4,9.2,3.8,1.3,0.8,1.3,2.0,0.399,0.293,0.756,76.5,78.0,83.25,102.0,0.5629921259842521
14036,203926,Doug,McDermott,Doug McDermott,SF,78.25,79.75,218.0,81.25,103.0,7.1,8.75,9.75,2014,2014-15,36.0,8.9,3.0,1.2,0.2,0.1,0.0,0.5,0.402,0.317,0.667,78.25,79.75,81.25,103.0,0.49438202247191015
14038,203895,Jordan,McRae,Jordan McRae,SG,75.75,77.25,179.4,84.5,104.0,5.2,8.75,8.5,2014,2014-15,7.0,11.7,5.3,1.1,1.4,0.4,0.0,0.9,0.423,0.273,0.8,75.75,77.25,84.5,104.0,0.6666666666666667
14040,203894,Shabazz,Napier,Shabazz Napier,PG,71.0,73.0,175.2,75.25,93.0,7.35,8.25,8.5,2014,2014-15,51.0,19.8,5.1,2.2,2.5,0.8,0.1,1.6,0.382,0.364,0.786,71.0,73.0,75.25,93.0,0.494949494949495
14041,203948,Johnny,O?Bryant III,Johnny O?Bryant III,PF,79.25,80.5,256.8,86.25,105.0,10.75,9.25,9.5,2014,2014-15,34.0,10.8,2.9,1.9,0.5,0.1,0.1,0.7,0.367,0.0,0.444,79.25,80.5,86.25,105.0,0.4907407407407407
14043,203934,Lamar,Patterson,Lamar Patterson,SG,76.0,77.25,226.0,83.0,101.0,10.75,9.0,9.25,2014,2014-15,35.0,11.3,2.4,1.4,1.1,0.3,0.1,0.7,0.35,0.245,0.727,76.0,77.25,83.0,101.0,0.4336283185840708
14044,203940,Adreian,Payne,Adreian Payne,PF,81.0,81.75,238.5,88.0,109.0,7.55,9.25,9.5,2014,2014-15,3.0,6.3,1.7,1.3,0.0,0.3,0.0,0.0,0.286,0.0,0.5,81.0,81.75,88.0,109.0,0.4761904761904762
14045,203901,Elfrid,Payton,Elfrid Payton,PG,74.5,75.75,185.4,80.0,98.5,5.65,8.75,9.0,2014,2014-15,82.0,30.4,8.9,4.3,6.5,1.7,0.2,2.5,0.425,0.262,0.551,74.5,75.75,80.0,98.5,0.6480263157894737
14046,203939,Dwight,Powell,Dwight Powell,PF,81.5,83.0,234.4,84.5,105.0,6.2,9.0,9.25,2014,2014-15,5.0,1.8,1.8,0.2,0.0,0.4,0.0,0.4,0.8,0.0,0.5,81.5,83.0,84.5,105.0,1.1111111111111112
14047,203944,Julius,Randle,Julius Randle,PF,79.75,81.0,249.7,84.0,105.5,9.4,8.75,8.25,2014,2014-15,1.0,14.0,2.0,0.0,0.0,0.0,0.0,1.0,0.333,0.0,0.0,79.75,81.0,84.0,105.5,0.14285714285714285
14048,203922,Glenn,Robinson III,Glenn Robinson III,SF,77.5,78.75,211.4,82.0,100.5,5.05,9.0,9.5,2014,2014-15,25.0,4.3,1.2,0.6,0.1,0.1,0.0,0.1,0.333,0.167,0.75,77.5,78.75,82.0,100.5,0.4418604651162791
14050,203935,Marcus,Smart,Marcus Smart,PG,74.0,75.25,227.2,81.25,99.0,10.55,9.0,8.75,2014,2014-15,67.0,27.0,7.8,3.3,3.1,1.5,0.3,1.3,0.367,0.335,0.646,74.0,75.25,81.25,99.0,0.5259259259259259
14051,203893,Russ,Smith,Russ Smith,PG,71.5,72.75,160.0,75.5,95.0,3.5,8.25,8.5,2014,2014-15,6.0,4.8,0.8,0.5,0.3,0.0,0.0,1.2,0.2,0.167,0.0,71.5,72.75,75.5,95.0,0.33333333333333337
14052,203917,Nik,Stauskas,Nik Stauskas,SG,77.25,78.5,206.9,79.75,102.0,12.05,8.5,8.5,2014,2014-15,73.0,15.4,4.4,1.2,0.9,0.3,0.2,0.5,0.365,0.322,0.859,77.25,78.5,79.75,102.0,0.4220779220779221
14053,203950,Jarnell,Stokes,Jarnell Stokes,PF,79.0,80.5,262.8,85.25,103.5,8.2,9.75,10.5,2014,2014-15,19.0,6.6,3.0,1.8,0.2,0.3,0.3,0.4,0.568,0.0,0.536,79.0,80.5,85.25,103.5,0.7575757575757576
14055,203943,Noah,Vonleh,Noah Vonleh,PF,80.0,81.5,247.1,88.25,108.0,7.3,9.75,11.75,2014,2014-15,25.0,10.4,3.3,3.4,0.2,0.2,0.4,0.4,0.395,0.385,0.692,80.0,81.5,88.25,108.0,0.6634615384615384
14056,203933,T.J.,Warren,T.J. Warren,SF,79.0,80.25,220.2,82.25,104.0,7.95,8.75,9.0,2014,2014-15,40.0,15.4,6.1,2.1,0.6,0.5,0.2,0.7,0.528,0.238,0.737,79.0,80.25,82.25,104.0,0.5714285714285714
14058,203912,C.J.,Wilcox,C.J. Wilcox,SG,75.5,77.0,201.0,81.75,100.5,6.5,8.75,9.0,2014,2014-15,21.0,4.8,2.0,0.3,0.4,0.1,0.0,0.5,0.421,0.368,1.0,75.5,77.0,81.75,100.5,0.5625
14059,203923,James,Young,James Young,SG,77.25,78.75,213.3,84.0,104.0,5.1,9.0,9.5,2014,2014-15,31.0,10.7,3.4,1.4,0.4,0.3,0.1,0.2,0.353,0.258,0.552,77.25,78.75,84.0,104.0,0.485981308411215
15000,1626146,Cliff,Alexander,Cliff Alexander,PF-C,79.25,80.5,239.2,87.5,109.5,5.8,9.5,10.25,2015,2015-16,8.0,4.5,1.3,0.8,0.0,0.1,0.3,0.1,0.5,0.0,0.0,79.25,80.5,87.5,109.5,0.4666666666666667
15001,1626147,Justin,Anderson,Justin Anderson,SF-SG,77.25,78.25,230.6,83.75,101.0,5.0,8.5,9.5,2015,2015-16,55.0,11.8,3.8,2.4,0.5,0.3,0.5,0.4,0.406,0.265,0.8,77.25,78.25,83.75,101.0,0.5677966101694915
15004,1626164,Devin,Booker,Devin Booker,SG,76.5,77.75,205.8,80.25,102.5,8.3,8.75,9.0,2015,2015-16,76.0,27.7,13.8,2.5,2.6,0.6,0.3,2.1,0.423,0.343,0.84,76.5,77.75,80.25,102.5,0.6823104693140796
15005,1626148,Anthony,Brown,Anthony Brown,SF-SG,77.75,79.25,211.0,83.0,104.5,6.1,8.5,9.0,2015,2015-16,29.0,20.7,4.0,2.4,0.7,0.5,0.2,0.5,0.31,0.286,0.85,77.75,79.25,83.0,104.5,0.34299516908212563
15006,1626161,Willie,Cauley-Stein,Willie Cauley-Stein,C,83.25,84.5,242.4,87.0,111.0,6.3,9.5,9.0,2015,2015-16,66.0,21.4,7.0,5.3,0.6,0.7,1.0,0.7,0.563,0.0,0.648,83.25,84.5,87.0,111.0,0.602803738317757
15007,1626176,Rakeem,Christmas,Rakeem Christmas,PF-C,80.25,81.75,242.6,89.25,110.5,9.6,9.25,9.0,2015,2015-16,1.0,6.0,4.0,1.0,0.0,0.0,0.0,0.0,1.0,0.0,0.0,80.25,81.75,89.25,110.5,0.8333333333333334
15008,1626192,Pat,Connaughton,Pat Connaughton,SG,76.0,77.25,215.0,80.0,96.0,10.2,8.5,9.25,2015,2015-16,34.0,4.2,1.1,0.9,0.3,0.1,0.0,0.3,0.265,0.238,1.0,76.0,77.25,80.0,96.0,0.5476190476190476
15009,1626188,Quinn,Cook,Quinn Cook,PG,72.25,74.0,179.0,76.0,96.5,6.7,7.5,8.75,2015,2015-16,5.0,15.4,5.4,0.6,2.4,0.2,0.0,1.6,0.44,0.357,0.0,72.25,74.0,76.0,96.5,0.5454545454545454
15010,1626183,Branden,Dawson,Branden Dawson,PF,77.5,78.75,230.2,83.0,105.0,5.8,9.0,8.75,2015,2015-16,6.0,4.8,0.8,0.7,0.0,0.0,0.2,0.0,0.4,0.0,1.0,77.5,78.75,83.0,105.0,0.3125
15012,1626155,Sam,Dekker,Sam Dekker,SF,79.75,81.0,218.6,83.5,106.0,7.5,8.5,9.25,2015,2015-16,3.0,2.0,0.0,0.3,0.0,0.3,0.0,0.0,0.0,0.0,0.0,79.75,81.0,83.5,106.0,0.15
15013,1626187,Michael,Frazier II,Michael Frazier II,SG,75.75,76.25,199.4,80.0,101.5,7.4,8.25,9.25,2015,2015-16,13.0,11.2,2.1,0.8,0.2,0.2,0.0,0.4,0.241,0.174,0.643,75.75,76.25,80.0,101.5,0.27678571428571436
15014,1626203,Treveon,Graham,Treveon Graham,SF,76.0,77.75,219.4,82.5,103.0,5.5,8.5,8.25,2015,2015-16,27.0,7.0,2.1,0.8,0.2,0.2,0.0,0.1,0.475,0.6,0.667,76.0,77.75,82.5,103.0,0.44285714285714295
15015,1626170,Jerian,Grant,Jerian Grant,PG,75.25,76.25,198.0,79.5,100.0,5.6,8.25,8.5,2015,2015-16,76.0,16.6,5.6,1.9,2.3,0.7,0.1,1.1,0.394,0.22,0.78,75.25,76.25,79.5,100.0,0.5903614457831325
15017,1626149,Montrezl,Harrell,Montrezl Harrell,PF,79.0,79.5,253.4,88.25,109.0,11.9,9.0,9.75,2015,2015-16,39.0,9.7,3.6,1.7,0.4,0.3,0.3,0.4,0.644,0.0,0.522,79.0,79.5,88.25,109.0,0.5876288659793815
15019,1626150,Andrew,Harrison,Andrew Harrison,PG,76.5,77.5,213.2,81.0,100.0,5.9,8.25,9.25,2015,2015-16,72.0,20.5,5.9,1.9,2.8,0.7,0.3,1.2,0.325,0.276,0.763,76.5,77.5,81.0,100.0,0.5170731707317073
15018,1626151,Aaron,Harrison,Aaron Harrison,SG,76.5,78.0,209.2,80.25,100.5,6.0,8.75,10.0,2015,2015-16,21.0,4.4,0.9,0.7,0.1,0.3,0.0,0.2,0.263,0.3,0.417,76.5,78.0,80.25,100.5,0.38636363636363635
15022,1626178,Rondae,Hollis-Jefferson,Rondae Hollis-Jefferson,SF,77.5,79.0,210.8,86.0,104.0,5.0,8.75,9.75,2015,2015-16,29.0,21.2,5.8,5.3,1.5,1.3,0.6,0.9,0.457,0.286,0.712,77.5,79.0,86.0,104.0,0.5943396226415094
15024,1626158,Richaun,Holmes,Richaun Holmes,PF,80.25,81.5,242.8,85.5,108.0,8.8,8.5,8.5,2015,2015-16,51.0,13.8,5.6,2.6,0.6,0.4,0.8,0.6,0.514,0.182,0.689,80.25,81.5,85.5,108.0,0.6376811594202898
15025,1626154,R.J.,Hunter,R.J. Hunter,SG,76.5,78.0,185.0,82.5,104.0,6.0,8.5,8.25,2015,2015-16,36.0,8.8,2.7,1.0,0.4,0.4,0.1,0.3,0.367,0.302,0.857,76.5,78.0,82.5,104.0,0.46590909090909094
15026,1626205,Vince,Hunter,Vince Hunter,PF,78.75,79.5,208.4,83.0,104.5,4.6,9.0,8.75,2015,2015-16,4.0,1.8,1.5,0.8,0.0,0.0,0.3,0.3,0.6,0.0,0.0,78.75,79.5,83.0,104.5,1.2777777777777777
15028,1626177,Dakari,Johnson,Dakari Johnson,C,83.0,83.75,264.6,86.0,112.0,14.9,9.25,10.5,2015,2015-16,31.0,5.2,1.8,1.1,0.3,0.2,0.3,0.1,0.564,0.0,0.55,83.0,83.75,86.0,112.0,0.6153846153846154
15029,1626169,Stanley,Johnson,Stanley Johnson,SF,77.0,78.5,241.8,83.5,102.0,7.5,9.0,9.0,2015,2015-16,73.0,23.1,8.1,4.2,1.6,0.8,0.2,1.6,0.375,0.307,0.784,77.0,78.5,83.5,102.0,0.6017316017316017
15030,1626145,Tyus,Jones,Tyus Jones,PG,72.5,74.0,184.6,77.0,97.0,6.5,8.25,8.75,2015,2015-16,37.0,15.5,4.2,1.3,2.9,0.8,0.1,0.9,0.359,0.302,0.718,72.5,74.0,77.0,97.0,0.5419354838709678
15031,1626163,Frank,Kaminsky,Frank Kaminsky,C-PF,83.75,84.75,231.2,83.0,109.5,9.4,8.5,9.5,2015,2015-16,81.0,21.1,7.5,4.1,1.2,0.5,0.5,0.7,0.41,0.337,0.73,83.75,84.75,83.0,109.5,0.6066350710900473
15032,1626172,Kevon,Looney,Kevon Looney,PF,80.0,81.25,222.4,87.5,110.0,11.9,9.5,9.25,2015,2015-16,5.0,4.2,1.8,2.0,0.0,0.0,0.0,0.2,0.571,0.5,0.0,80.0,81.25,87.5,110.0,0.9047619047619047
15033,1626168,Trey,Lyles,Trey Lyles,PF,81.0,82.25,241.2,85.5,108.0,12.1,9.25,10.25,2015,2015-16,80.0,17.3,6.1,3.7,0.7,0.3,0.2,0.8,0.438,0.383,0.695,81.0,82.25,85.5,108.0,0.6069364161849711
15034,1626185,Jarell,Martin,Jarell Martin,PF,80.0,81.25,238.6,81.0,106.5,10.1,8.25,9.5,2015,2015-16,27.0,14.1,5.7,3.2,0.6,0.3,0.3,0.7,0.466,0.0,0.726,80.0,81.25,81.0,106.5,0.6737588652482269
15035,204456,TJ,McConnell,TJ McConnell,PG,72.5,74.0,187.8,74.0,96.5,7.3,7.5,7.0,2015,2015-16,81.0,19.8,6.1,3.1,4.5,1.2,0.1,1.7,0.47,0.348,0.634,72.5,74.0,74.0,96.5,0.6919191919191918
15036,1626191,Chris,McCullough,Chris McCullough,PF,80.25,81.0,199.0,87.25,109.0,6.2,8.75,8.75,2015,2015-16,24.0,15.1,4.7,2.8,0.4,1.2,0.5,0.6,0.404,0.382,0.478,80.25,81.0,87.25,109.0,0.5231788079470199
15037,1626175,Jordan,Mickey,Jordan Mickey,PF,79.0,80.25,238.0,87.25,106.0,7.2,8.75,9.5,2015,2015-16,16.0,3.6,1.3,0.8,0.1,0.0,0.7,0.1,0.364,0.0,0.5,79.0,80.25,87.25,106.0,0.6111111111111112
15039,1626162,Kelly,Oubre,Kelly Oubre,SF-SG,77.75,78.75,202.8,86.25,102.5,5.7,9.0,8.75,2015,2015-16,63.0,10.7,3.7,2.1,0.2,0.3,0.1,0.5,0.427,0.316,0.633,77.75,78.75,86.25,102.5,0.560747663551402
15040,1626166,Cameron,Payne,Cameron Payne,PG,72.75,73.5,182.8,79.25,97.5,6.3,8.5,8.25,2015,2015-16,57.0,12.2,5.0,1.5,1.9,0.6,0.1,0.8,0.41,0.324,0.792,72.75,73.5,79.25,97.5,0.6885245901639345
15042,1626171,Bobby,Portis,Bobby Portis,PF,81.5,82.5,246.2,86.0,108.5,8.9,9.5,9.25,2015,2015-16,62.0,17.8,7.0,5.4,0.8,0.4,0.4,0.9,0.427,0.308,0.727,81.5,82.5,86.0,108.5,0.7415730337078652
15043,1626181,Norman,Powell,Norman Powell,SG,75.0,76.25,215.4,82.75,102.5,6.4,9.25,9.0,2015,2015-16,49.0,14.8,5.6,2.3,1.0,0.6,0.2,0.7,0.424,0.404,0.811,75.0,76.25,82.75,102.5,0.6013513513513512
15045,1626184,Chasson,Randle,Chasson Randle,PG,72.25,73.5,178.8,79.0,96.5,4.5,8.5,9.5,2015,2015-16,8.0,9.3,5.3,0.6,0.8,0.4,0.1,0.4,0.462,0.4,1.0,72.25,73.5,79.0,96.5,0.7204301075268816
15046,1626179,Terry,Rozier,Terry Rozier,PG-SG,72.5,74.25,190.2,80.25,98.5,5.6,8.25,8.5,2015,2015-16,39.0,8.0,1.8,1.6,0.9,0.2,0.0,0.5,0.274,0.222,0.8,72.5,74.25,80.25,98.5,0.5375000000000001
15047,1626156,D?Angelo,Russell,D?Angelo Russell,PG-SG,75.25,77.0,193.4,81.75,102.0,8.3,8.75,9.75,2015,2015-16,80.0,28.2,13.2,3.4,3.3,1.2,0.2,2.5,0.41,0.351,0.737,75.25,77.0,81.75,102.0,0.7056737588652482
15048,1626208,Keifer,Sykes,Keifer Sykes,PG,70.5,71.75,167.2,74.0,93.0,5.0,8.5,9.5,2015,2015-16,32.0,17.7,5.6,1.4,1.9,0.4,0.1,1.0,0.363,0.3,0.882,70.5,71.75,74.0,93.0,0.5028248587570622
15052,1626167,Myles,Turner,Myles Turner,C-PF,81.75,83.5,238.6,88.0,112.0,9.3,9.25,9.25,2015,2015-16,60.0,22.8,10.3,5.5,0.7,0.4,1.4,1.1,0.498,0.214,0.727,81.75,83.5,88.0,112.0,0.7236842105263158
15054,1626173,Rashad,Vaughn,Rashad Vaughn,SG,75.75,77.0,198.6,79.0,101.0,6.2,8.0,8.5,2015,2015-16,70.0,14.3,3.1,1.3,0.6,0.4,0.2,0.4,0.305,0.293,0.8,75.75,77.0,79.0,101.0,0.34965034965034963
15058,1626210,Alan,Williams,Alan Williams,PF,79.25,80.25,261.4,85.75,106.5,12.0,8.5,9.5,2015,2015-16,10.0,6.8,2.9,3.8,0.5,0.4,0.5,0.6,0.417,0.0,0.643,79.25,80.25,85.75,106.5,1.0588235294117647
15059,1626159,Justise,Winslow,Justise Winslow,SF,76.5,78.5,221.8,82.25,104.5,5.3,8.5,9.25,2015,2015-16,78.0,28.6,6.4,5.2,1.5,0.9,0.3,1.2,0.422,0.276,0.684,76.5,78.5,82.25,104.5,0.4580419580419581
15060,1626174,Christian,Wood,Christian Wood,PF,81.25,82.5,216.0,87.25,111.5,14.7,9.25,10.75,2015,2015-16,17.0,8.5,3.6,2.2,0.2,0.3,0.4,0.1,0.415,0.364,0.619,81.25,82.5,87.25,111.5,0.7058823529411766
15061,1626153,Delon,Wright,Delon Wright,PG,76.25,77.5,181.4,79.5,101.5,6.6,8.0,8.5,2015,2015-16,27.0,8.5,3.8,1.4,1.1,0.3,0.1,0.6,0.45,0.385,0.743,76.25,77.5,79.5,101.5,0.7411764705882352
16000,1627758,Ron,Baker,Ron Baker,SG,75.25,76.25,212.4,81.75,97.5,7.85,8.75,9.5,2016,2016-17,52.0,16.5,4.1,1.9,2.1,0.7,0.2,1.1,0.378,0.267,0.651,75.25,76.25,81.75,97.5,0.4909090909090909
16001,1627735,Wade,Baldwin IV,Wade Baldwin IV,PG,74.5,76.0,201.8,83.25,100.0,5.2,9.0,9.75,2016,2016-17,33.0,12.3,3.2,1.4,1.8,0.5,0.2,1.2,0.313,0.136,0.838,74.5,76.0,83.25,100.0,0.5203252032520325
16002,1627760,Cat,Barber,Cat Barber,PG,73.5,74.75,173.0,77.5,95.5,4.5,8.0,8.5,2016,2016-17,3.0,4.3,0.0,1.0,1.0,0.0,0.0,0.3,0.0,0.0,0.0,73.5,74.75,77.5,95.5,0.46511627906976744
16003,1627736,Malik,Beasley,Malik Beasley,SG,75.5,76.5,189.8,79.0,100.5,6.9,8.5,9.0,2016,2016-17,22.0,7.5,3.8,0.8,0.5,0.3,0.0,0.4,0.452,0.321,0.8,75.5,76.5,79.0,100.5,0.6799999999999999
16004,1627761,DeAndre,Bembry,DeAndre Bembry,SG-SF,76.25,77.75,206.6,81.25,101.0,7.0,8.0,9.25,2016,2016-17,38.0,9.8,2.7,1.6,0.7,0.2,0.1,0.4,0.48,0.056,0.375,76.25,77.75,81.25,101.0,0.5102040816326531
16005,1627791,Ben,Bentil,Ben Bentil,PF,79.25,80.25,229.2,85.5,105.0,9.7,9.5,10.0,2016,2016-17,3.0,3.3,0.0,0.7,0.0,0.0,0.0,0.3,0.0,0.0,0.0,79.25,80.25,85.5,105.0,0.21212121212121213
16006,1628417,Jaron,Blossomgame,Jaron Blossomgame,SF,78.25,79.25,213.6,82.0,102.0,5.25,8.5,10.0,2016,2016-17,27.0,16.3,4.2,3.6,0.5,0.3,0.3,0.4,0.443,0.256,0.769,78.25,79.25,82.0,102.0,0.5092024539877301
16007,1627762,Joel,Bolomboy,Joel Bolomboy,PF,79.5,81.0,224.4,85.75,103.5,5.15,9.0,10.25,2016,2016-17,12.0,4.4,1.8,1.4,0.2,0.1,0.2,0.2,0.563,0.25,0.5,79.5,81.0,85.75,103.5,0.7727272727272727
16008,1627763,Malcolm,Brogdon,Malcolm Brogdon,SG,75.75,77.5,223.0,82.5,98.0,5.4,9.0,10.25,2016,2016-17,75.0,26.4,10.2,2.8,4.2,1.1,0.2,1.5,0.457,0.404,0.865,75.75,77.5,82.5,98.0,0.6515151515151515
16009,1627759,Jaylen,Brown,Jaylen Brown,SG-SF,77.25,78.75,222.8,83.75,102.5,5.05,8.75,9.0,2016,2016-17,78.0,17.2,6.6,2.8,0.8,0.4,0.2,0.9,0.455,0.343,0.685,77.25,78.75,83.75,102.5,0.5930232558139534
16011,1627737,Marquese,Chriss,Marquese Chriss,PF,80.75,82.0,233.0,84.25,105.0,8.5,9.0,9.0,2016,2016-17,82.0,21.3,9.2,4.2,0.7,0.8,0.9,1.3,0.449,0.321,0.624,80.75,82.0,84.25,105.0,0.6619718309859154
16014,1627738,Deyonta,Davis,Deyonta Davis,PF,81.25,82.5,237.2,86.5,108.5,9.7,9.0,9.25,2016,2016-17,36.0,6.6,1.6,1.7,0.1,0.1,0.5,0.2,0.511,0.0,0.556,81.25,82.5,86.5,108.5,0.5151515151515151
16015,1627767,Cheick,Diallo,Cheick Diallo,PF,79.5,81.0,218.6,88.5,107.5,5.6,8.5,9.75,2016,2016-17,17.0,11.7,5.1,4.3,0.2,0.2,0.4,0.4,0.474,0.0,0.714,79.5,81.0,88.5,107.5,0.8205128205128204
16016,1627739,Kris,Dunn,Kris Dunn,PG,75.0,76.25,,81.5,100.0,,,,2016,2016-17,78.0,17.1,3.8,2.1,2.4,1.0,0.5,1.1,0.377,0.288,0.61,75.0,76.25,81.5,100.0,0.48538011695906436
16017,1627740,Henry,Ellenson,Henry Ellenson,PF,82.0,83.5,242.0,86.25,108.0,11.2,8.5,9.75,2016,2016-17,19.0,7.7,3.2,2.2,0.4,0.1,0.1,0.7,0.359,0.286,0.5,82.0,83.5,86.25,108.0,0.7532467532467533
16020,1627770,Kay,Felder,Kay Felder,PG,68.25,69.5,177.2,74.5,88.5,5.8,8.25,8.5,2016,2016-17,42.0,9.2,4.0,1.0,1.4,0.4,0.2,0.7,0.392,0.318,0.714,68.25,69.5,74.5,88.5,0.6956521739130436
16021,1627827,Dorian,Finney-Smith,Dorian Finney-Smith,SF,78.5,79.75,212.6,83.75,105.5,6.45,9.0,9.75,2016,2016-17,81.0,20.3,4.3,2.7,0.8,0.6,0.3,0.6,0.372,0.293,0.754,78.5,79.75,83.75,105.5,0.3842364532019704
16022,1627771,Michael,Gbinije,Michael Gbinije,SG,77.5,78.75,204.6,79.5,101.0,5.4,8.0,9.0,2016,2016-17,9.0,3.6,0.4,0.3,0.2,0.0,0.0,0.0,0.1,0.0,1.0,77.5,78.75,79.5,101.0,0.24999999999999997
16023,1627772,Daniel,Hamilton,Daniel Hamilton,SG-SF,78.25,80.0,197.0,81.0,103.5,5.95,9.0,8.5,2016,2016-17,6.0,4.7,2.0,0.8,1.3,0.2,0.0,0.3,0.455,0.4,0.0,78.25,80.0,81.0,103.5,0.8723404255319148
16025,1628404,Josh,Hart,Josh Hart,SG,76.0,77.5,203.6,80.5,99.5,5.75,8.5,9.25,2016,2016-17,63.0,23.2,7.9,4.2,1.3,0.7,0.3,0.7,0.469,0.396,0.702,76.0,77.5,80.5,99.5,0.5775862068965518
16026,1628502,Nigel,Hayes,Nigel Hayes,SF-PF,78.25,79.25,245.0,87.0,107.5,10.9,8.5,9.5,2016,2016-17,2.0,5.5,1.5,0.0,1.0,0.0,0.0,0.0,0.333,0.0,1.0,78.25,79.25,87.0,107.5,0.45454545454545453
16027,1627741,Buddy,Hield,Buddy Hield,SG,75.75,77.0,212.4,81.25,101.0,6.1,8.5,9.0,2016,2016-17,57.0,20.4,8.6,2.9,1.4,0.3,0.1,0.8,0.393,0.369,0.879,75.75,77.0,81.25,101.0,0.6323529411764707
16029,1627743,Demetrius,Jackson,Demetrius Jackson,PG,72.0,73.25,193.8,77.5,93.0,6.5,8.25,9.0,2016,2016-17,5.0,3.4,2.0,0.8,0.6,0.0,0.0,0.0,0.75,1.0,0.5,72.0,73.25,77.5,93.0,1.0
16031,1627744,Brice,Johnson,Brice Johnson,PF,81.0,82.5,208.6,84.5,106.5,7.5,9.0,8.25,2016,2016-17,3.0,3.0,1.3,1.0,0.3,0.7,0.3,0.3,0.286,0.0,0.0,81.0,82.5,84.5,106.5,0.8666666666666666
16032,1627745,Damian,Jones,Damian Jones,C,82.25,83.5,243.6,87.75,107.0,6.55,8.75,10.5,2016,2016-17,10.0,8.5,1.9,2.3,0.0,0.1,0.4,0.6,0.5,0.0,0.3,82.25,83.5,87.75,107.0,0.49411764705882344
16033,1627746,Skal,Labissiere,Skal Labissiere,PF-C,82.5,83.75,215.8,86.5,105.5,5.7,8.75,9.0,2016,2016-17,33.0,18.5,8.8,4.9,0.8,0.5,0.4,1.1,0.537,0.375,0.703,82.5,83.75,86.5,105.5,0.7837837837837839
16035,1627774,Jake,Layman,Jake Layman,SF,80.0,81.25,208.6,81.25,102.0,7.1,8.25,9.25,2016,2016-17,35.0,7.1,2.2,0.7,0.3,0.3,0.1,0.3,0.292,0.255,0.765,80.0,81.25,81.25,102.0,0.45070422535211274
16037,1627747,Caris,LeVert,Caris LeVert,SG,77.75,79.0,191.0,82.0,101.0,7.55,8.5,9.25,2016,2016-17,57.0,21.7,8.2,3.3,1.9,0.9,0.1,1.0,0.45,0.321,0.72,77.75,79.0,82.0,101.0,0.6175115207373272
16038,1627748,Thon,Maker,Thon Maker,PF,83.75,84.75,216.0,87.0,110.5,6.05,8.75,9.5,2016,2016-17,57.0,9.9,4.0,2.0,0.4,0.2,0.5,0.3,0.459,0.378,0.653,83.75,84.75,87.0,110.5,0.6464646464646465
16039,1627775,Patrick,McCaw,Patrick McCaw,PG-SG,77.25,78.75,180.8,82.0,100.5,4.7,8.75,8.75,2016,2016-17,71.0,15.1,4.0,1.4,1.1,0.5,0.2,0.5,0.433,0.333,0.784,77.25,78.75,82.0,100.5,0.43046357615894043
16042,1629005,Malik,Newman,Malik Newman,SG,74.25,75.5,182.2,77.75,97.5,5.6,8.25,9.25,2016,2016-17,1.0,4.0,2.0,0.0,0.0,0.0,0.0,1.0,0.0,0.0,1.0,74.25,75.5,77.75,97.5,0.5
16043,1627777,Georges,Niang,Georges Niang,PF,78.75,80.5,230.8,82.0,103.0,10.05,9.25,9.25,2016,2016-17,23.0,4.0,0.9,0.7,0.2,0.1,0.0,0.2,0.25,0.083,1.0,78.75,80.5,82.0,103.0,0.45
16044,1627778,Chinanu,Onuaku,Chinanu Onuaku,C,81.0,82.0,245.2,86.75,108.5,8.55,9.0,8.0,2016,2016-17,5.0,10.4,2.8,2.0,0.6,0.6,0.2,0.8,0.714,0.0,1.0,81.0,82.0,86.75,108.5,0.5192307692307692
16045,1627779,Marcus,Paige,Marcus Paige,PG,72.5,73.75,163.8,78.25,97.0,4.3,7.75,8.75,2016,2016-17,5.0,5.6,2.4,0.8,0.6,0.0,0.0,0.0,0.286,0.25,1.0,72.5,73.75,78.25,97.0,0.6785714285714287
16046,1627780,Gary,Payton II,Gary Payton II,PG,74.0,75.0,183.8,80.0,99.5,3.95,8.75,9.5,2016,2016-17,6.0,16.5,3.3,2.0,2.2,0.5,0.7,1.7,0.364,0.111,0.6,74.0,75.0,80.0,99.5,0.45454545454545453
16047,1627751,Jakob,Poeltl,Jakob Poeltl,C,84.25,85.0,239.0,86.75,111.5,5.8,9.25,10.25,2016,2016-17,54.0,11.6,3.1,3.1,0.2,0.3,0.4,0.5,0.583,0.0,0.544,84.25,85.0,86.75,111.5,0.5517241379310345
16048,1627752,Taurean,Prince,Taurean Prince,SF,78.5,79.75,220.2,83.5,102.0,6.45,9.0,8.5,2016,2016-17,59.0,16.6,5.7,2.7,0.9,0.7,0.5,1.0,0.4,0.324,0.787,78.5,79.75,83.5,102.0,0.5602409638554217
16049,1627753,Zhou,Qi,Zhou Qi,PF-C,85.25,86.25,218.2,91.75,112.5,4.85,9.25,9.5,2016,2016-17,18.0,6.9,1.2,1.2,0.1,0.1,0.8,0.6,0.188,0.105,0.667,85.25,86.25,91.75,112.5,0.36231884057971014
16050,1627781,Malachi,Richardson,Malachi Richardson,SG-SF,76.75,78.25,199.6,84.0,101.5,7.0,8.75,10.0,2016,2016-17,22.0,9.0,3.6,1.0,0.5,0.2,0.0,0.4,0.412,0.286,0.789,76.75,78.25,84.0,101.5,0.5666666666666667
16051,1627782,Wayne,Selden,Wayne Selden,SG,76.25,77.75,232.4,82.5,101.0,7.3,9.0,9.25,2016,2016-17,3.0,15.7,5.3,1.7,0.3,0.7,0.0,1.0,0.625,0.571,0.5,76.25,77.75,82.5,101.0,0.46496815286624205
16052,1627783,Pascal,Siakam,Pascal Siakam,PF,80.25,81.5,226.6,87.25,107.5,5.2,9.25,10.0,2016,2016-17,55.0,15.6,4.2,3.4,0.3,0.5,0.8,0.6,0.502,0.143,0.688,80.25,81.5,87.25,107.5,0.5064102564102564
16053,1627754,Diamond,Stone,Diamond Stone,C,81.0,82.25,254.4,86.75,108.5,12.85,8.5,7.75,2016,2016-17,7.0,3.4,1.4,0.9,0.0,0.0,0.1,0.3,0.231,0.0,1.0,81.0,82.25,86.75,108.5,0.676470588235294
16054,1628403,Caleb,Swanigan,Caleb Swanigan,PF,79.5,80.5,246.6,87.5,107.0,12.55,9.0,10.25,2016,2016-17,27.0,7.0,2.3,2.0,0.5,0.2,0.1,0.7,0.4,0.125,0.667,79.5,80.5,87.5,107.0,0.6857142857142857
16056,1627755,Tyler,Ulis,Tyler Ulis,PG,68.75,70.0,149.2,74.0,88.5,5.2,7.5,7.5,2016,2016-17,61.0,18.4,7.3,1.6,3.7,0.8,0.1,1.3,0.421,0.266,0.775,68.75,70.0,74.0,88.5,0.6847826086956523
16057,1627784,Jarrod,Uthoff,Jarrod Uthoff,PF,80.5,81.75,214.4,83.5,104.0,6.0,8.75,9.0,2016,2016-17,9.0,12.8,4.4,2.4,1.0,0.2,0.4,0.3,0.421,0.333,0.714,80.5,81.75,83.5,104.0,0.609375
16058,1627756,Denzel,Valentine,Denzel Valentine,SG-SF,76.0,77.75,210.4,82.75,102.0,9.2,8.5,9.75,2016,2016-17,57.0,17.1,5.1,2.6,1.1,0.5,0.1,0.9,0.354,0.351,0.778,76.0,77.75,82.75,102.0,0.5146198830409355
16059,1627785,Isaiah,Whitehead,Isaiah Whitehead,PG-SG,75.25,76.5,210.0,80.75,100.0,9.25,8.5,8.75,2016,2016-17,73.0,22.5,7.4,2.5,2.6,0.6,0.5,1.9,0.402,0.295,0.805,75.25,76.5,80.75,100.0,0.5555555555555556
16060,1627786,Troy,Williams,Troy Williams,SF,77.75,78.75,217.8,80.25,102.0,10.0,8.25,9.25,2016,2016-17,24.0,17.4,5.3,1.9,0.8,1.0,0.4,1.1,0.415,0.244,0.6,77.75,78.75,80.25,102.0,0.45977011494252873
16061,1627787,Kyle,Wiltjer,Kyle Wiltjer,PF,80.75,82.0,242.8,84.25,102.5,15.25,8.25,9.5,2016,2016-17,14.0,3.1,0.9,0.7,0.1,0.2,0.1,0.4,0.286,0.308,0.5,80.75,82.0,84.25,102.5,0.5483870967741936
16062,1627757,Stephen,Zimmerman,Stephen Zimmerman,C,82.25,83.75,234.0,87.25,108.5,11.15,9.0,9.0,2016,2016-17,19.0,5.7,1.2,1.8,0.2,0.1,0.3,0.2,0.323,0.0,0.6,82.25,83.75,87.25,108.5,0.5614035087719298
17000,1628389,Edrice,Adebayo,Edrice Adebayo,PF-C,80.75,75.75,242.6,86.75,108.0,5.2,9.5,8.75,2017,2017-18,69.0,19.8,6.9,5.5,1.5,0.5,0.6,1.0,0.512,0.0,0.721,80.75,81.75,86.75,108.0,0.702020202020202
17001,1628959,Rawle,Alkins,Rawle Alkins,SG-SF,74.5,75.75,222.6,80.75,99.0,11.0,8.75,10.0,2017,2017-18,10.0,12.0,3.7,2.6,1.3,0.1,0.0,0.8,0.333,0.25,0.667,74.5,75.75,80.75,99.0,0.6333333333333334
17002,1628386,Jarrett,Allen,Jarrett Allen,C,81.0,82.25,233.6,89.25,109.5,7.4,9.5,10.5,2017,2017-18,72.0,20.0,8.2,5.4,0.7,0.4,1.2,1.1,0.589,0.333,0.776,81.0,82.25,89.25,109.5,0.715
17003,1628443,Kadeem,Allen,Kadeem Allen,PG,73.0,74.25,192.4,81.25,99.5,6.4,8.5,8.75,2017,2017-18,18.0,5.9,1.1,0.6,0.7,0.2,0.1,0.5,0.273,0.0,0.778,73.0,74.25,81.25,99.5,0.4067796610169492
17004,1628387,Ike,Anigbogu,Ike Anigbogu,C,80.5,81.75,252.2,90.25,110.5,5.4,9.5,10.0,2017,2017-18,11.0,2.7,1.2,0.8,0.0,0.1,0.3,0.2,0.444,0.0,0.833,80.5,81.75,90.25,110.5,0.7407407407407407
17005,1628384,OG,Anunoby,OG Anunoby,SF,78.25,79.75,232.4,86.25,107.5,6.8,9.25,9.5,2017,2017-18,74.0,20.0,5.9,2.5,0.7,0.7,0.2,0.6,0.471,0.371,0.629,78.25,79.75,86.25,107.5,0.45499999999999996
17006,1628503,Jamel,Artis,Jamel Artis,SG-SF,77.5,78.75,213.2,82.0,105.0,11.9,9.25,9.75,2017,2017-18,15.0,18.6,5.1,2.5,1.2,0.1,0.2,0.5,0.392,0.276,0.583,77.5,78.75,82.0,105.0,0.4731182795698924
17007,1628407,Dwayne,Bacon,Dwayne Bacon,SG-SF,76.75,78.25,221.6,82.0,103.5,7.9,8.75,10.0,2017,2017-18,53.0,13.5,3.3,2.3,0.7,0.3,0.0,0.4,0.375,0.256,0.8,76.75,78.25,82.0,103.5,0.4666666666666667
17009,1628395,Jordan,Bell,Jordan Bell,PF,79.0,80.5,223.6,83.75,104.5,5.4,9.25,9.5,2017,2017-18,57.0,14.2,4.6,3.6,1.8,0.6,1.0,0.9,0.627,0.0,0.682,79.0,80.5,83.75,104.5,0.7042253521126761
17010,1628417,Jaron,Blossomgame,Jaron Blossomgame,SF,77.75,78.75,218.6,82.0,104.5,5.7,8.75,10.25,2017,2017-18,27.0,16.3,4.2,3.6,0.5,0.3,0.3,0.4,0.443,0.256,0.769,77.75,78.75,82.0,104.5,0.5092024539877301
17011,1628449,Chris,Boucher,Chris Boucher,PF,80.0,81.5,182.2,88.0,110.5,5.4,9.25,10.5,2017,2017-18,1.0,1.0,0.0,1.0,0.0,0.0,0.0,0.0,0.0,0.0,0.0,80.0,81.5,88.0,110.5,1.0
17012,1628396,Tony,Bradley,Tony Bradley,C,81.25,82.75,248.8,89.0,112.5,12.0,9.5,9.5,2017,2017-18,9.0,3.2,0.9,1.2,0.1,0.0,0.0,0.0,0.273,0.0,1.0,81.25,82.75,89.0,112.5,0.6875
17013,1628515,Isaiah,Briscoe,Isaiah Briscoe,PG,73.25,74.75,222.4,81.0,99.5,11.0,9.0,9.25,2017,2017-18,39.0,14.3,3.5,1.9,2.2,0.3,0.1,0.8,0.399,0.324,0.577,73.25,74.75,81.0,99.5,0.5314685314685315
17014,1628415,Dillon,Brooks,Dillon Brooks,SG-SF,77.0,78.0,220.2,78.0,100.5,7.5,8.25,9.25,2017,2017-18,82.0,28.7,11.0,3.1,1.6,0.9,0.2,1.5,0.44,0.356,0.747,77.0,78.0,78.0,100.5,0.5470383275261324
17015,1628418,Thomas,Bryant,Thomas Bryant,PF-C,81.5,82.75,247.8,90.0,112.5,9.4,9.5,10.25,2017,2017-18,15.0,4.8,1.5,1.1,0.4,0.1,0.1,0.1,0.381,0.1,0.556,81.5,82.75,90.0,112.5,0.625
17017,1628380,Zach,Collins,Zach Collins,PF-C,82.25,84.0,232.2,85.0,111.0,8.9,8.75,9.25,2017,2017-18,66.0,15.8,4.4,3.3,0.8,0.3,0.5,0.9,0.398,0.31,0.643,82.25,84.0,85.0,111.0,0.5379746835443038
17016,1628381,John,Collins,John Collins,PF,80.25,81.5,225.2,83.25,106.5,5.4,9.0,10.0,2017,2017-18,74.0,24.1,10.5,7.3,1.3,0.6,1.1,1.4,0.576,0.34,0.715,80.25,81.5,83.25,106.5,0.7925311203319502
17018,1628977,Hamidou,Diallo,Hamidou Diallo,SG-SF,75.75,77.0,197.4,83.25,101.5,5.2,8.5,9.5,2017,2017-18,51.0,10.3,3.7,1.9,0.3,0.4,0.2,0.5,0.455,0.167,0.61,75.75,77.0,83.25,101.5,0.5728155339805824
17019,1628416,Tyler,Dorsey,Tyler Dorsey,SG,75.0,76.5,182.6,77.25,99.5,4.7,8.5,9.25,2017,2017-18,56.0,17.4,7.2,2.3,1.4,0.3,0.1,0.7,0.377,0.362,0.714,75.0,76.5,77.25,99.5,0.6264367816091955
17020,1628422,Damyean,Dotson,Damyean Dotson,SG-SF,76.5,77.5,205.2,81.0,100.0,5.3,8.5,9.25,2017,2017-18,44.0,10.8,4.1,1.9,0.7,0.3,0.0,0.4,0.447,0.324,0.696,76.5,77.5,81.0,100.0,0.6203703703703703
17021,1628408,PJ,Dozier,PJ Dozier,SG,77.25,78.75,200.6,83.0,101.0,6.1,8.5,9.5,2017,2017-18,2.0,1.5,1.0,0.5,0.0,0.0,0.0,0.5,0.5,0.0,0.0,77.25,78.75,83.0,101.0,1.0
17022,1628393,Jawun,Evans,Jawun Evans,PG,70.75,71.5,185.2,77.5,95.0,9.1,8.0,7.75,2017,2017-18,48.0,16.2,4.8,1.8,2.1,0.8,0.1,0.9,0.352,0.278,0.776,70.75,71.5,77.5,95.0,0.537037037037037
17023,1628390,Terrance,Ferguson,Terrance Ferguson,SG-SF,77.5,79.0,184.4,80.75,103.0,5.8,8.5,10.0,2017,2017-18,61.0,12.5,3.1,0.8,0.3,0.4,0.2,0.2,0.414,0.333,0.9,77.5,79.0,80.75,103.0,0.336
17024,1628368,De?Aaron,Fox,De?Aaron Fox,PG,74.0,75.25,169.6,78.5,100.0,4.5,8.5,8.5,2017,2017-18,73.0,27.8,11.6,2.8,4.4,1.0,0.3,2.4,0.412,0.307,0.723,74.0,75.25,78.5,100.0,0.6762589928057553
17026,1628385,Harry,Giles,Harry Giles,PF,81.25,82.5,232.0,87.25,109.5,5.2,9.5,10.75,2017,2017-18,58.0,14.1,7.0,3.8,1.5,0.5,0.4,1.3,0.503,0.0,0.637,81.25,82.5,87.25,109.5,0.8723404255319149
17027,1628404,Josh,Hart,Josh Hart,SG-SF,75.75,77.0,209.2,80.25,101.0,5.8,8.5,9.5,2017,2017-18,63.0,23.2,7.9,4.2,1.3,0.7,0.3,0.7,0.469,0.396,0.702,75.75,77.0,80.25,101.0,0.5775862068965518
17028,1628502,Nigel,Hayes,Nigel Hayes,PF,78.25,79.5,254.2,87.25,104.5,11.5,8.75,10.0,2017,2017-18,2.0,5.5,1.5,0.0,1.0,0.0,0.0,0.0,0.333,0.0,1.0,78.25,79.5,87.25,104.5,0.45454545454545453
17029,1628439,Isaiah,Hicks,Isaiah Hicks,PF,79.25,80.5,233.4,84.5,105.0,7.7,8.75,9.75,2017,2017-18,18.0,13.3,4.4,2.3,0.9,0.1,0.2,0.9,0.458,0.222,0.667,79.25,80.5,84.5,105.0,0.5714285714285714
17030,1628411,Wesley,Iwundu,Wesley Iwundu,SG-SF,77.5,78.75,193.4,85.0,105.5,4.0,8.75,9.5,2017,2017-18,62.0,16.5,3.7,2.2,0.9,0.5,0.2,0.5,0.427,0.196,0.723,77.5,78.75,85.0,105.5,0.41212121212121217
17031,1628402,Frank,Jackson,Frank Jackson,PG,74.0,75.5,201.6,79.5,98.0,6.7,8.25,9.0,2017,2017-18,61.0,19.2,8.1,2.2,1.1,0.4,0.0,0.8,0.434,0.314,0.74,74.0,75.5,79.5,98.0,0.59375
17032,1628382,Justin,Jackson (UNC),Justin Jackson (UNC),SF,79.0,80.25,200.8,83.0,104.5,8.1,8.75,9.25,2017,2017-18,68.0,22.1,6.7,2.8,1.1,0.4,0.2,0.6,0.442,0.308,0.722,79.0,80.25,83.0,104.5,0.4796380090497737
17037,1628379,Luke,Kennard,Luke Kennard,SG-SF,76.5,77.5,196.2,77.25,98.5,6.6,8.0,8.75,2017,2017-18,73.0,20.0,7.6,2.4,1.7,0.6,0.2,0.9,0.443,0.415,0.855,76.5,77.5,77.25,98.5,0.585
17038,1628398,Kyle,Kuzma,Kyle Kuzma,SF-SG,80.0,81.5,222.6,84.25,107.5,9.4,8.5,9.5,2017,2017-18,77.0,31.2,16.1,6.3,1.8,0.6,0.4,1.8,0.45,0.366,0.707,80.0,81.5,84.25,107.5,0.7756410256410258
17039,1628388,TJ,Leaf,TJ Leaf,PF,80.75,81.75,222.2,83.0,107.0,6.8,8.5,9.5,2017,2017-18,53.0,8.7,2.9,1.5,0.2,0.1,0.1,0.2,0.471,0.429,0.625,80.75,81.75,83.0,107.0,0.5287356321839082
17040,1628399,Tyler,Lydon,Tyler Lydon,PF,80.25,81.5,215.0,84.0,107.5,13.6,8.75,8.75,2017,2017-18,1.0,2.0,0.0,0.0,0.0,0.0,0.0,0.0,0.0,0.0,0.0,80.25,81.5,84.0,107.5,0.0
17041,1628412,Frank,Mason III,Frank Mason III,PG,71.0,72.0,188.8,75.25,94.0,4.3,8.0,9.25,2017,2017-18,52.0,18.9,7.9,2.5,2.8,0.7,0.2,1.3,0.379,0.36,0.817,71.0,72.0,75.25,94.0,0.6984126984126984
17044,1628378,Donovan,Mitchell,Donovan Mitchell,SG,73.25,75.0,211.4,82.0,97.0,5.9,8.5,9.5,2017,2017-18,79.0,33.4,20.5,3.7,3.7,1.5,0.3,2.7,0.437,0.34,0.805,73.25,75.0,82.0,97.0,0.8353293413173652
17045,1628420,Monte,Morris,Monte Morris,PG,73.25,74.5,175.2,76.0,96.5,6.9,8.25,8.75,2017,2017-18,3.0,8.3,3.3,0.7,2.3,1.0,0.0,0.3,0.667,0.0,1.0,73.25,74.5,76.0,96.5,0.7590361445783131
17046,1628405,Johnathan,Motley,Johnathan Motley,PF,79.75,80.75,238.2,88.0,108.0,,9.0,9.5,2017,2017-18,11.0,16.0,8.7,4.5,0.6,0.3,0.2,0.8,0.533,0.167,0.536,79.75,80.75,88.0,108.0,0.8624999999999999
17047,1629004,Svi,Mykhailiuk,Svi Mykhailiuk,SG-SF,78.5,79.5,219.6,77.0,100.0,11.4,8.0,9.25,2017,2017-18,39.0,10.8,3.3,0.9,0.8,0.3,0.0,0.5,0.333,0.318,0.6,78.5,79.5,77.0,100.0,0.4629629629629629
17048,1628400,Semi,Ojeleye,Semi Ojeleye,SF-SG,77.25,78.75,241.4,81.75,102.0,5.5,8.75,9.5,2017,2017-18,73.0,15.8,2.7,2.2,0.3,0.3,0.1,0.3,0.346,0.32,0.61,77.25,78.75,81.75,102.0,0.3291139240506329
17049,1628419,Cameron,Oliver,Cameron Oliver,PF,79.0,80.25,238.6,85.25,106.5,7.7,9.5,10.25,2017,2017-18,4.0,21.8,10.8,5.3,1.3,0.5,1.0,0.8,0.576,0.308,0.25,79.0,80.25,85.25,106.5,0.798165137614679
17050,1628383,Justin,Patton,Justin Patton,C,82.0,83.25,229.0,87.0,111.5,7.8,8.75,9.75,2017,2017-18,1.0,4.0,2.0,0.0,0.0,1.0,0.0,0.0,0.5,0.0,0.0,82.0,83.25,87.0,111.5,0.5
17051,1628409,Alec,Peters,Alec Peters,PF,79.25,80.75,232.0,82.75,105.0,8.8,8.75,10.0,2017,2017-18,20.0,11.3,4.1,1.9,0.6,0.1,0.1,0.2,0.378,0.31,0.8,79.25,80.75,82.75,105.0,0.5840707964601769
17052,1628397,Ivan,Rabb,Ivan Rabb,PF,80.75,82.0,219.6,85.5,109.0,6.8,8.75,9.0,2017,2017-18,36.0,14.3,5.6,4.4,0.9,0.3,0.4,1.0,0.566,0.0,0.806,80.75,82.0,85.5,109.0,0.7622377622377622
17053,1628432,Davon,Reed,Davon Reed,SG-SF,76.5,77.5,206.2,84.0,102.0,6.5,9.25,9.5,2017,2017-18,21.0,11.5,3.0,1.9,0.6,0.5,0.1,0.5,0.289,0.289,0.667,76.5,77.5,84.0,102.0,0.4782608695652174
17054,1628421,Devin,Robinson,Devin Robinson,SF,79.0,80.25,189.6,84.75,106.0,3.2,9.25,10.25,2017,2017-18,1.0,13.0,2.0,5.0,0.0,1.0,0.0,0.0,0.333,0.0,0.0,79.0,80.25,84.75,106.0,0.5384615384615384
17055,1628424,Kobi,Simmons,Kobi Simmons,PG,75.25,76.5,166.2,78.0,99.0,5.0,8.5,9.5,2017,2017-18,32.0,20.1,6.1,1.6,2.1,0.6,0.2,1.4,0.423,0.282,1.0,75.25,76.5,78.0,99.0,0.48756218905472626
17056,1628410,Edmond,Sumner,Edmond Sumner,PG,76.0,77.75,176.4,81.0,102.5,8.3,8.25,9.0,2017,2017-18,1.0,2.0,2.0,1.0,0.0,0.0,0.0,0.0,1.0,0.0,0.0,76.0,77.75,81.0,102.5,1.5
17057,1628403,Caleb,Swanigan,Caleb Swanigan,PF,79.5,80.5,245.6,87.0,108.0,,9.5,10.25,2017,2017-18,27.0,7.0,2.3,2.0,0.5,0.2,0.1,0.7,0.4,0.125,0.667,79.5,80.5,87.0,108.0,0.6857142857142857
17058,1628414,Sindarius,Thornwell,Sindarius Thornwell,SG-SF,75.5,76.75,211.6,82.0,103.0,7.8,8.75,8.75,2017,2017-18,73.0,15.8,3.9,1.9,0.9,0.7,0.3,0.7,0.429,0.377,0.67,75.5,76.75,82.0,103.0,0.4240506329113924
17060,1629021,Moritz,Wagner,Moritz Wagner,PF,82.0,83.25,231.2,84.0,108.0,6.7,8.75,10.75,2017,2017-18,43.0,10.4,4.8,2.0,0.6,0.3,0.3,0.9,0.415,0.286,0.811,82.0,83.25,84.0,108.0,0.7115384615384615
17061,1628476,Derrick,Walton Jr.,Derrick Walton Jr.,PG,71.0,72.75,188.6,74.5,95.0,5.8,8.0,8.5,2017,2017-18,16.0,9.2,1.8,1.0,1.0,0.4,0.2,0.1,0.32,0.412,1.0,71.0,72.75,74.5,95.0,0.41304347826086957
17062,1629118,Thomas,Welsh,Thomas Welsh,PF-C,83.5,84.5,254.0,84.0,109.5,10.9,9.0,10.5,2017,2017-18,11.0,3.3,1.6,0.4,0.5,0.0,0.0,0.1,0.538,0.429,0.5,83.5,84.5,84.0,109.5,0.7575757575757576
17063,1628401,Derrick,White,Derrick White,PG,75.25,76.5,189.8,79.5,101.5,6.2,8.25,8.5,2017,2017-18,17.0,8.2,3.2,1.5,0.5,0.2,0.2,0.4,0.485,0.615,0.7,75.25,76.5,79.5,101.5,0.6341463414634148
17064,1628430,Nigel,Williams-Goss,Nigel Williams-Goss,PG,73.5,75.0,190.2,79.25,99.0,5.6,8.75,9.25,2017,2017-18,10.0,5.0,1.4,0.6,0.6,0.3,0.1,0.3,0.313,0.286,1.0,73.5,75.0,79.25,99.0,0.52
17065,1628391,D.J.,Wilson,D.J. Wilson,PF,80.75,82.5,234.4,87.0,109.5,6.4,9.25,10.25,2017,2017-18,22.0,3.2,1.0,0.5,0.1,0.1,0.0,0.2,0.563,0.4,0.5,80.75,82.5,87.0,109.5,0.5
1628959,1628959,Rawle,Alkins,Rawle Alkins,SG,74.75,76.25,217.4,80.75,99.0,8.9,8.5,10.0,2018,2018-19,10.0,12.0,3.7,2.6,1.3,0.1,0.0,0.8,0.333,0.25,0.667,74.75,76.25,80.75,99.0,0.6333333333333334
1628960,1628960,Grayson,Allen,Grayson Allen,SG,75.0,76.5,198.0,79.25,97.0,5.55,8.25,10.0,2018,2018-19,38.0,10.9,5.6,0.6,0.7,0.2,0.2,0.9,0.376,0.323,0.75,75.0,76.5,79.25,97.0,0.6330275229357798
1628961,1628961,Kostas,Antetokounmpo,Kostas Antetokounmpo,PF,81.0,82.5,194.8,86.25,110.0,5.0,9.25,9.5,2018,2018-19,2.0,5.5,1.0,0.5,0.0,1.0,0.0,0.5,0.0,0.0,0.5,81.0,82.5,86.25,110.0,0.2727272727272727
1628962,1628962,Udoka,Azubuike,Udoka Azubuike,C,82.0,84.25,273.8,91.0,112.5,7.95,9.5,10.0,2018,2018-19,15.0,3.8,1.1,0.9,0.0,0.1,0.3,0.2,0.444,0.0,0.8,82.0,84.25,91.0,112.5,0.5263157894736842
1628964,1628964,Mohamed,Bamba,Mohamed Bamba,C,83.25,84.75,225.6,94.0,115.5,6.2,9.75,10.25,2018,2018-19,47.0,16.3,6.2,5.0,0.8,0.3,1.4,0.9,0.481,0.3,0.587,83.25,84.75,94.0,115.5,0.7361963190184049
1628966,1628966,Keita,Bates-Diop,Keita Bates-Diop,SG-SF,79.25,80.5,223.8,87.25,106.5,5.35,9.0,8.5,2018,2018-19,30.0,16.8,5.0,2.8,0.6,0.6,0.5,0.5,0.423,0.25,0.643,79.25,80.5,87.25,106.5,0.5
1628968,1628968,Brian,Bowen,Brian Bowen,SG-SF,78.25,79.5,202.0,82.25,103.5,7.6,9.0,10.0,2018,2018-19,6.0,5.2,1.0,1.2,0.0,0.0,0.2,0.2,0.3,0.0,0.0,78.25,79.5,82.25,103.5,0.4230769230769231
1628970,1628970,Miles,Bridges,Miles Bridges,SF,77.25,78.75,220.4,81.5,103.5,5.9,9.0,9.75,2018,2018-19,80.0,21.2,7.5,4.0,1.2,0.7,0.6,0.6,0.464,0.325,0.753,77.25,78.75,81.5,103.5,0.5990566037735849
1628971,1628971,Bruce,Brown,Bruce Brown,SG-PG,75.5,77.0,194.6,81.0,98.5,3.75,8.5,8.5,2018,2018-19,74.0,19.6,4.3,2.5,1.2,0.5,0.5,0.6,0.398,0.258,0.75,75.5,77.0,81.0,98.5,0.4081632653061224
1628972,1628972,Troy,Brown,Troy Brown,SF,77.75,78.75,208.0,82.25,105.0,7.05,9.0,9.75,2018,2018-19,52.0,14.0,4.8,2.8,1.5,0.4,0.1,0.6,0.415,0.319,0.681,77.75,78.75,82.25,105.0,0.65
1628973,1628973,Jalen,Brunson,Jalen Brunson,PG,73.0,74.25,198.4,76.0,96.0,6.7,8.25,9.25,2018,2018-19,73.0,21.8,9.3,2.3,3.2,0.5,0.1,1.2,0.467,0.348,0.725,73.0,74.25,76.0,96.0,0.6788990825688074
1628975,1628975,Jevon,Carter,Jevon Carter,PG,72.25,73.5,196.2,76.25,95.0,4.15,9.25,8.5,2018,2018-19,39.0,14.8,4.4,1.7,1.8,0.7,0.3,0.8,0.303,0.333,0.813,72.25,73.5,76.25,95.0,0.5337837837837838
1628976,1628976,Wendell,Carter,Wendell Carter,C-PF,80.75,82.0,251.4,88.5,109.0,7.85,8.5,9.0,2018,2018-19,44.0,25.2,10.3,7.0,1.8,0.6,1.3,1.5,0.485,0.188,0.795,80.75,82.0,88.5,109.0,0.757936507936508
1628978,1628978,Donte,DiVincenzo,Donte DiVincenzo,SG,75.5,76.5,200.6,78.0,97.5,5.0,8.25,9.0,2018,2018-19,27.0,15.2,4.9,2.4,1.1,0.5,0.2,0.7,0.403,0.265,0.75,75.5,76.5,78.0,97.5,0.5526315789473685
1628977,1628977,Hamidou,Diallo,Hamidou Diallo,SG,76.25,78.0,197.0,83.5,103.0,4.45,8.75,9.0,2018,2018-19,51.0,10.3,3.7,1.9,0.3,0.4,0.2,0.5,0.455,0.167,0.61,76.25,78.0,83.5,103.0,0.5728155339805824
1628979,1628979,Trevon,Duval,Trevon Duval,PG,73.5,74.5,191.0,80.25,97.5,5.2,8.75,10.0,2018,2018-19,3.0,2.0,1.7,0.3,0.7,0.0,0.0,0.0,0.667,1.0,0.0,73.5,74.5,80.25,97.5,1.35
1629035,1629035,Carsen,Edwards,Carsen Edwards,PG,70.75,72.0,195.6,78.25,94.5,6.3,8.5,9.25,2018,2018-19,37.0,9.5,3.3,1.3,0.6,0.3,0.1,0.4,0.328,0.316,0.684,70.75,72.0,78.25,94.5,0.5473684210526315
1628980,1628980,Jacob,Evans,Jacob Evans,SG-SF,76.25,77.5,199.6,81.25,102.5,6.5,9.0,9.25,2018,2018-19,30.0,6.8,1.3,0.8,0.8,0.2,0.1,0.4,0.34,0.267,0.0,76.25,77.5,81.25,102.5,0.42647058823529416
1628981,1628981,Bruno,Fernando,Bruno Fernando,C,80.75,81.75,233.2,88.25,109.0,5.25,9.5,10.0,2018,2018-19,56.0,12.7,4.3,3.5,0.9,0.3,0.3,0.8,0.518,0.135,0.569,80.75,81.75,88.25,109.0,0.6850393700787402
1628982,1628982,Melvin,Frazier,Melvin Frazier,SF-SG,76.5,78.0,198.2,85.75,105.0,7.9,9.5,9.5,2018,2018-19,10.0,4.4,1.5,0.5,0.1,0.1,0.0,0.1,0.333,0.0,0.25,76.5,78.0,85.75,105.0,0.47727272727272724
1628983,1628983,Shai,Gilgeous-Alexander,Shai Gilgeous-Alexander,PG,76.5,78.0,180.0,83.5,104.0,3.0,9.0,9.0,2018,2018-19,82.0,26.5,10.8,2.8,3.3,1.2,0.5,1.7,0.476,0.367,0.8,76.5,78.0,83.5,104.0,0.6377358490566039
1628984,1628984,Devonte,Graham,Devonte Graham,PG,72.25,73.5,186.4,78.25,96.0,4.8,8.5,9.5,2018,2018-19,46.0,14.7,4.7,1.4,2.6,0.5,0.0,0.7,0.343,0.281,0.761,72.25,73.5,78.25,96.0,0.5918367346938775
1628985,1628985,Devon,Hall,Devon Hall,SG,76.25,78.0,206.4,79.75,102.0,8.45,8.5,10.0,2018,2018-19,11.0,7.4,1.8,0.6,1.2,0.4,0.1,0.5,0.2,0.235,0.5,76.25,78.0,79.75,102.0,0.4864864864864864
1628987,1628987,Kevin,Hervey,Kevin Hervey,PF,78.5,79.75,211.6,87.5,107.0,5.15,9.25,10.25,2018,2018-19,10.0,5.2,1.7,1.2,0.5,0.1,0.1,0.0,0.259,0.15,0.0,78.5,79.75,87.5,107.0,0.6538461538461539
1628988,1628988,Aaron,Holiday,Aaron Holiday,PG,71.75,72.75,187.0,79.5,97.0,6.4,8.75,8.5,2018,2018-19,50.0,12.9,5.9,1.3,1.7,0.4,0.3,0.8,0.401,0.339,0.82,71.75,72.75,79.5,97.0,0.689922480620155
1628989,1628989,Kevin,Huerter,Kevin Huerter,SG,78.25,79.25,194.0,79.5,101.5,8.6,8.25,8.5,2018,2018-19,75.0,27.3,9.7,3.3,2.9,0.9,0.3,1.5,0.419,0.385,0.732,78.25,79.25,79.5,101.5,0.5824175824175825
1628991,1628991,Jaren,Jackson,Jaren Jackson,PF-C,81.75,83.25,236.0,89.25,110.0,7.2,10.0,10.0,2018,2018-19,58.0,26.1,13.8,4.7,1.1,0.9,1.4,1.7,0.506,0.359,0.766,81.75,83.25,89.25,110.0,0.7509578544061303
1628993,1628993,Alize,Johnson,Alize Johnson,PF,79.25,80.0,216.6,80.75,103.0,8.1,8.5,9.75,2018,2018-19,14.0,4.6,0.9,1.4,0.1,0.1,0.2,0.0,0.25,0.5,0.5,79.25,80.0,80.75,103.0,0.5217391304347826
1628994,1628994,George,King,George King,SF-SG,76.75,78.0,218.6,83.5,101.5,7.25,9.0,10.25,2018,2018-19,1.0,6.0,0.0,1.0,0.0,0.0,0.0,0.0,0.0,0.0,0.0,76.75,78.0,83.5,101.5,0.16666666666666666
1628995,1628995,Kevin,Knox,Kevin Knox,SF,79.75,81.0,212.6,83.75,108.0,4.95,8.75,9.25,2018,2018-19,75.0,28.8,12.8,4.5,1.1,0.6,0.3,1.5,0.37,0.343,0.717,79.75,81.0,83.75,108.0,0.638888888888889
1628997,1628997,Caleb,Martin,Caleb Martin,SF-SG,76.75,78.0,195.8,82.0,101.5,7.0,8.5,8.75,2018,2018-19,18.0,17.6,6.2,2.1,1.3,0.7,0.4,0.8,0.44,0.541,0.81,76.75,78.0,82.0,101.5,0.5454545454545455
1628998,1628998,Cody,Martin,Cody Martin,SG-SF,76.75,78.0,188.6,82.25,102.5,5.45,8.5,9.0,2018,2018-19,48.0,18.8,5.0,3.3,2.0,0.8,0.2,0.9,0.43,0.234,0.646,76.75,78.0,82.25,102.5,0.5478723404255319
1628999,1628999,Yante,Maten,Yante Maten,PF-C,79.25,80.5,246.2,84.5,107.5,8.1,9.25,10.0,2018,2018-19,2.0,6.5,1.0,1.5,0.0,0.5,0.0,0.0,0.25,0.0,0.0,79.25,80.5,84.5,107.5,0.38461538461538464
1629001,1629001,DeAnthony,Melton,DeAnthony Melton,SG-PG,74.25,75.25,193.2,80.5,99.5,5.2,8.5,9.5,2018,2018-19,50.0,19.7,5.0,2.7,3.2,1.4,0.5,1.5,0.391,0.305,0.75,74.25,75.25,80.5,99.5,0.5532994923857868
1629002,1629002,Chimezie,Metu,Chimezie Metu,PF-C,80.5,81.5,219.6,84.5,108.0,5.05,9.0,9.25,2018,2018-19,29.0,5.0,1.8,1.2,0.4,0.2,0.1,0.5,0.328,0.0,0.765,80.5,81.5,84.5,108.0,0.6799999999999999
1629003,1629003,Shake,Milton,Shake Milton,SG-PG,76.5,77.5,207.2,84.75,99.5,6.8,8.75,9.5,2018,2018-19,20.0,13.4,4.4,1.8,0.9,0.4,0.4,0.3,0.391,0.318,0.714,76.5,77.5,84.75,99.5,0.5298507462686567
1629004,1629004,Sviatoslav,Mykhailiuk,Sviatoslav Mykhailiuk,SG-SF,78.5,79.75,211.6,76.75,100.0,8.45,8.25,9.5,2018,2018-19,39.0,10.8,3.3,0.9,0.8,0.3,0.0,0.5,0.333,0.318,0.6,78.5,79.75,76.75,100.0,0.4629629629629629
1629005,1629005,Malik,Newman,Malik Newman,SG,74.5,75.25,189.2,77.5,98.5,6.25,8.5,9.5,2018,2018-19,1.0,4.0,2.0,0.0,0.0,0.0,0.0,1.0,0.0,0.0,1.0,74.5,75.25,77.5,98.5,0.5
1629006,1629006,Josh,Okogie,Josh Okogie,SG,75.0,76.5,210.8,84.0,102.0,5.2,9.0,9.75,2018,2018-19,74.0,23.7,7.7,2.9,1.2,1.2,0.4,0.9,0.386,0.279,0.728,75.0,76.5,84.0,102.0,0.49789029535864976
1629033,1629033,Theo,Pinson,Theo Pinson,SG-SF,77.0,78.75,211.2,82.75,103.5,7.35,9.0,9.0,2018,2018-19,18.0,11.7,4.5,2.0,1.2,0.3,0.0,1.0,0.342,0.261,0.864,77.0,78.75,82.75,103.5,0.6581196581196582
1629007,1629007,Jontay,Porter,Jontay Porter,C-PF,82.0,83.5,236.0,84.25,109.0,13.85,8.75,9.5,2018,2018-19,11.0,4.9,2.0,1.3,0.1,0.3,0.1,0.6,0.533,0.375,0.6,82.0,83.5,84.25,109.0,0.693877551020408
1629008,1629008,Michael,Porter,Michael Porter,SF-PF,81.5,82.75,211.0,84.25,108.5,6.4,8.75,9.25,2018,2018-19,55.0,16.4,9.3,4.7,0.8,0.5,0.5,0.9,0.509,0.422,0.833,81.5,82.75,84.25,108.5,0.902439024390244
1629010,1629010,Jerome,Robinson,Jerome Robinson,SG,76.0,77.0,188.4,79.25,98.0,6.05,9.0,10.0,2018,2018-19,33.0,9.7,3.4,1.2,0.6,0.3,0.1,0.4,0.4,0.316,0.667,76.0,77.0,79.25,98.0,0.5360824742268041
1629012,1629012,Collin,Sexton,Collin Sexton,PG,72.5,73.5,183.0,79.25,98.5,5.6,8.25,8.5,2018,2018-19,82.0,31.8,16.7,2.9,3.0,0.5,0.1,2.3,0.43,0.402,0.839,72.5,73.5,79.25,98.5,0.710691823899371
1629013,1629013,Landry,Shamet,Landry Shamet,PG,76.0,77.25,188.6,78.75,100.0,4.85,8.0,9.0,2018,2018-19,54.0,20.5,8.3,1.4,1.1,0.4,0.1,0.5,0.441,0.404,0.815,76.0,77.25,78.75,100.0,0.526829268292683
1629014,1629014,Anfernee,Simons,Anfernee Simons,SG-PG,74.25,75.25,183.2,81.25,99.5,7.7,8.75,9.0,2018,2018-19,20.0,7.1,3.8,0.7,0.7,0.1,0.0,0.6,0.444,0.345,0.563,74.25,75.25,81.25,99.5,0.7323943661971831
1629015,1629015,Zhaire,Smith,Zhaire Smith,SF-SG,74.75,76.0,198.6,81.75,100.0,6.05,8.75,8.25,2018,2018-19,6.0,18.5,6.7,2.2,1.7,0.3,0.3,1.0,0.412,0.375,0.75,74.75,76.0,81.75,100.0,0.572972972972973
1629034,1629034,Ray,Spalding,Ray Spalding,PF,81.0,82.25,215.4,88.75,109.0,5.55,9.25,9.0,2018,2018-19,1.0,1.0,0.0,0.0,0.0,0.0,0.0,0.0,0.0,0.0,0.0,81.0,82.25,88.75,109.0,0.0
1629016,1629016,Omari,Spellman,Omari Spellman,PF-C,80.0,81.25,253.8,86.0,107.5,13.75,9.0,9.0,2018,2018-19,46.0,17.5,5.9,4.2,1.0,0.6,0.5,0.7,0.402,0.344,0.711,80.0,81.25,86.0,107.5,0.6342857142857143
1629017,1629017,Khyri,Thomas,Khyri Thomas,SG,74.5,75.75,198.8,82.5,101.0,6.4,8.75,9.25,2018,2018-19,26.0,7.5,2.3,0.8,0.3,0.3,0.2,0.2,0.319,0.286,0.636,74.5,75.75,82.5,101.0,0.45333333333333325
1629018,1629018,Gary,Trent,Gary Trent,SG,76.25,77.75,204.2,80.75,98.0,7.0,8.5,9.5,2018,2018-19,15.0,7.4,2.7,0.7,0.3,0.1,0.1,0.3,0.32,0.238,0.429,76.25,77.75,80.75,98.0,0.5
1629019,1629019,Allonzo,Trier,Allonzo Trier,SG,75.75,77.25,198.0,78.75,98.0,4.95,8.25,10.5,2018,2018-19,64.0,22.8,10.9,3.1,1.9,0.4,0.2,1.8,0.448,0.394,0.803,75.75,77.25,78.75,98.0,0.6973684210526315
1629021,1629021,Moritz,Wagner,Moritz Wagner,C-PF,82.5,83.5,241.4,84.0,108.0,6.75,9.0,10.75,2018,2018-19,43.0,10.4,4.8,2.0,0.6,0.3,0.3,0.9,0.415,0.286,0.811,82.5,83.5,84.0,108.0,0.7115384615384615
1629022,1629022,Lonnie,Walker,Lonnie Walker,SG,75.75,76.5,196.2,82.25,99.5,5.65,9.0,9.5,2018,2018-19,17.0,6.9,2.6,1.0,0.5,0.4,0.2,0.2,0.348,0.385,0.8,75.75,76.5,82.25,99.5,0.5942028985507245
1629023,1629023,PJ,Washington,PJ Washington,PF,78.5,80.0,223.0,86.5,107.0,6.85,9.0,10.25,2018,2018-19,58.0,30.3,12.2,5.4,2.1,0.9,0.8,1.6,0.455,0.374,0.647,78.5,80.0,86.5,107.0,0.6501650165016503
1629026,1629026,Kenrich,Williams,Kenrich Williams,SF,78.0,79.5,200.4,79.25,103.5,5.95,8.5,9.75,2018,2018-19,46.0,23.5,6.1,4.8,1.8,1.0,0.4,0.8,0.384,0.333,0.684,78.0,79.5,79.25,103.5,0.5404255319148936
1629027,1629027,Trae,Young,Trae Young,PG,72.5,73.75,177.8,75.0,95.5,5.35,8.0,9.25,2018,2018-19,81.0,30.9,19.1,3.7,8.1,0.9,0.2,3.8,0.418,0.324,0.829,72.5,73.75,75.0,95.5,1.0
1629638,1629638,Nickeil,Alexander-Walker,Nickeil Alexander-Walker,SG,76.25,77.5,203.8,81.5,102.0,5.9,8.5,8.75,2019,2019-20,47.0,12.6,5.7,1.8,1.9,0.4,0.2,1.1,0.368,0.346,0.676,76.25,77.5,81.5,102.0,0.746031746031746
1629646,1629646,Charles,Bassey,Charles Bassey,C,80.75,82.0,239.0,87.5,109.5,8.5,9.25,9.5,2019,2019-20,23.0,7.3,3.0,2.7,0.3,0.2,0.7,0.3,0.638,0.0,0.75,80.75,82.0,87.5,109.5,0.8219178082191781
1629647,1629647,Darius,Bazley,Darius Bazley,PF,79.75,81.0,208.4,84.0,107.0,3.6,9.0,9.75,2019,2019-20,61.0,18.5,5.6,4.0,0.7,0.4,0.7,0.7,0.394,0.348,0.694,79.75,81.0,84.0,107.0,0.5567567567567567
1629626,1629626,Bol,Bol,Bol Bol,C,84.75,86.5,208.0,91.0,115.5,7.1,9.25,9.5,2019,2019-20,7.0,12.4,5.7,2.7,0.9,0.3,0.9,1.4,0.5,0.444,0.8,84.75,86.5,91.0,115.5,0.75
1629648,1629648,Jordan,Bone,Jordan Bone,SG,73.5,74.75,179.0,75.25,95.0,5.0,7.5,9.25,2019,2019-20,10.0,5.3,1.2,0.4,0.8,0.1,0.0,0.2,0.25,0.2,0.0,73.5,74.75,75.25,95.0,0.45283018867924535
1628968,1628968,Brian,Bowen II,Brian Bowen II,SF,78.25,79.5,200.0,82.0,103.0,6.5,8.5,9.75,2019,2019-20,6.0,5.2,1.0,1.2,0.0,0.0,0.2,0.2,0.3,0.0,0.0,78.25,79.5,82.0,103.0,0.4230769230769231
1629065,1629065,Ky,Bowman,Ky Bowman,PG,73.0,74.25,181.2,79.0,98.0,4.9,8.25,9.0,2019,2019-20,45.0,22.6,7.4,2.7,2.9,1.0,0.2,1.6,0.417,0.308,0.829,73.0,74.25,79.0,98.0,0.5752212389380531
1629649,1629649,Ignas,Brazdeikis,Ignas Brazdeikis,SF,77.75,79.25,220.8,81.25,102.0,6.0,8.75,9.5,2019,2019-20,9.0,5.9,1.9,0.6,0.4,0.0,0.1,0.2,0.273,0.111,0.8,77.75,79.25,81.25,102.0,0.4915254237288135
1629052,1629052,O'Shae,Brissett,O'Shae Brissett,SF-PF,79.0,80.0,203.2,84.0,104.0,2.9,9.0,9.5,2019,2019-20,19.0,7.1,1.9,1.4,0.4,0.2,0.1,0.4,0.361,0.2,0.8,79.0,80.0,84.0,104.0,0.5211267605633803
1629650,1629650,Moses,Brown,Moses Brown,C,85.25,86.5,237.2,88.75,113.0,7.8,9.5,10.25,2019,2019-20,9.0,3.7,1.2,1.6,0.1,0.1,0.1,0.3,0.4,0.0,0.375,85.25,86.5,88.75,113.0,0.7837837837837838
1629634,1629634,Brandon,Clarke,Brandon Clarke,SF,79.25,80.25,207.2,80.25,102.0,4.9,8.25,9.5,2019,2019-20,58.0,22.4,12.1,5.9,1.4,0.6,0.8,0.9,0.618,0.359,0.759,79.25,80.25,80.25,102.0,0.8660714285714286
1629651,1629651,Nicolas,Claxton,Nicolas Claxton,C,82.0,83.75,216.6,86.5,110.0,4.5,9.25,9.5,2019,2019-20,15.0,12.5,4.4,2.9,1.1,0.1,0.5,0.6,0.563,0.143,0.524,82.0,83.75,86.5,110.0,0.672
1629076,1629076,Tyler,Cook,Tyler Cook,PF,79.25,80.75,245.4,84.5,106.5,6.1,9.5,10.75,2019,2019-20,11.0,3.2,1.7,0.9,0.1,0.1,0.0,0.1,0.7,0.0,0.833,79.25,80.75,84.5,106.5,0.84375
1629633,1629633,Jarrett,Culver,Jarrett Culver,SG,77.25,78.75,194.2,81.5,100.5,5.0,8.25,8.5,2019,2019-20,63.0,23.9,9.2,3.4,1.7,0.9,0.6,1.3,0.404,0.299,0.462,77.25,78.75,81.5,100.5,0.5983263598326359
1629056,1629056,Terence,Davis,Terence Davis,SG,75.0,76.5,192.4,80.75,101.0,4.1,9.25,10.75,2019,2019-20,72.0,16.8,7.5,3.3,1.6,0.5,0.2,1.1,0.456,0.388,0.864,75.0,76.5,80.75,101.0,0.7380952380952381
1629652,1629652,Luguentz,Dort,Luguentz Dort,PG,74.75,76.25,222.2,80.5,99.5,5.0,8.5,9.0,2019,2019-20,36.0,22.8,6.8,2.3,0.8,0.9,0.1,0.6,0.394,0.297,0.792,74.75,76.25,80.5,99.5,0.4342105263157895
1629653,1629653,Devon,Dotson,Devon Dotson,PG,72.0,74.0,178.6,75.25,95.5,5.9,8.25,9.5,2019,2019-20,11.0,4.5,2.1,0.5,0.6,0.4,0.0,0.0,0.524,0.143,0.0,72.0,74.0,75.25,95.5,0.7111111111111111
1629605,1629605,Tacko,Fall,Tacko Fall,C,89.25,91.0,288.8,98.25,122.5,6.8,10.5,10.5,2019,2019-20,7.0,4.7,3.3,2.1,0.1,0.1,0.6,0.4,0.786,0.0,0.333,89.25,91.0,98.25,122.5,1.1702127659574468
1628981,1628981,Bruno,Fernando,Bruno Fernando,C,80.75,82.25,237.0,87.25,110.0,5.4,9.25,10.0,2019,2019-20,56.0,12.7,4.3,3.5,0.9,0.3,0.3,0.8,0.518,0.135,0.569,80.75,82.25,87.25,110.0,0.6850393700787402
1629655,1629655,Daniel,Gafford,Daniel Gafford,PF,81.25,82.5,237.6,86.5,110.0,5.9,9.25,9.25,2019,2019-20,43.0,14.2,5.1,2.5,0.5,0.3,1.3,0.7,0.701,0.0,0.533,81.25,82.5,86.25,110.0,0.5704225352112676
1629656,1629656,Quentin,Grimes,Quentin Grimes,SG,76.0,77.25,209.6,79.75,100.5,8.4,8.25,10.0,2019,2019-20,46.0,17.1,6.0,2.0,1.0,0.7,0.2,0.6,0.404,0.381,0.684,76.0,77.25,79.75,100.5,0.5263157894736842
1629657,1629657,Kyle,Guy,Kyle Guy,SG,72.75,74.25,167.8,76.5,95.5,5.7,8.0,8.75,2019,2019-20,3.0,3.3,1.3,0.3,0.3,0.0,0.0,0.0,0.4,0.0,0.0,72.75,74.25,76.5,95.5,0.5757575757575758
1629607,1629607,Jared,Harper,Jared Harper,PG,69.75,71.0,169.2,77.5,94.0,3.9,8.25,9.5,2019,2019-20,3.0,2.7,0.7,0.0,0.0,0.0,0.0,0.0,0.25,0.0,0.0,69.75,71.0,77.5,94.0,0.25925925925925924
1629637,1629637,Jaxson,Hayes,Jaxson Hayes,PF,82.25,83.5,218.6,87.5,110.5,5.0,9.25,10.5,2019,2019-20,64.0,16.9,7.4,4.0,0.9,0.4,0.9,0.8,0.672,0.25,0.647,82.25,83.5,87.5,110.5,0.727810650887574
1629608,1629608,Dewan,Hernandez,Dewan Hernandez,C,81.0,82.25,232.8,85.75,107.0,6.1,9.5,10.25,2019,2019-20,6.0,4.7,2.3,2.3,0.5,0.2,0.0,0.5,0.357,0.5,0.6,81.0,82.25,85.75,107.0,1.0851063829787233
1629639,1629639,Tyler,Herro,Tyler Herro,SG,76.5,78.0,192.4,75.25,100.5,7.1,8.0,8.75,2019,2019-20,55.0,27.4,13.5,4.1,2.2,0.6,0.2,1.6,0.428,0.389,0.87,76.5,78.0,75.25,100.5,0.7226277372262775
1629658,1629658,Jalen,Hoard,Jalen Hoard,PF,79.25,81.0,212.6,84.75,105.5,6.7,8.75,9.75,2019,2019-20,13.0,7.9,2.9,2.5,0.3,0.4,0.0,0.3,0.469,0.0,0.615,79.25,81.0,84.75,105.5,0.7215189873417721
1629659,1629659,Talen,Horton-Tucker,Talen Horton-Tucker,SG,74.5,76.0,235.4,85.25,103.0,8.4,9.5,9.75,2019,2019-20,6.0,13.5,5.7,1.2,1.0,1.3,0.2,1.0,0.467,0.308,0.5,74.5,76.0,85.25,103.0,0.5851851851851853
1629610,1629610,DaQuan,Jeffries,DaQuan Jeffries,SF-PF,76.0,77.0,215.6,83.25,104.0,3.9,9.5,10.25,2019,2019-20,13.0,10.8,3.8,1.4,0.5,0.3,0.1,0.2,0.5,0.278,0.833,76.0,77.0,83.25,104.0,0.5277777777777777
1629660,1629660,Ty,Jerome,Ty Jerome,PG,76.25,77.5,194.4,76.0,98.0,6.5,8.25,9.5,2019,2019-20,31.0,10.6,3.3,1.5,1.4,0.5,0.1,0.6,0.336,0.28,0.75,76.25,77.5,76.0,98.0,0.5849056603773585
1629640,1629640,Keldon,Johnson,Keldon Johnson,SG,76.75,78.0,216.4,81.25,104.0,5.6,8.0,9.25,2019,2019-20,17.0,17.7,9.1,3.4,0.9,0.8,0.1,0.8,0.596,0.591,0.795,76.75,78.0,81.25,104.0,0.7570621468926554
1629661,1629661,Cameron,Johnson,Cameron Johnson,SG,79.0,80.5,205.2,82.0,103.0,5.8,8.0,8.5,2019,2019-20,57.0,22.0,8.8,3.3,1.2,0.6,0.4,0.6,0.435,0.39,0.807,79.0,80.5,82.0,103.0,0.6045454545454546
1629662,1629662,Mfiondu,Kabengele,Mfiondu Kabengele,PF,80.75,82.25,256.2,87.0,109.5,5.1,9.25,10.75,2019,2019-20,12.0,5.3,3.5,0.9,0.2,0.2,0.2,0.2,0.438,0.45,1.0,80.75,82.25,87.0,109.5,0.8679245283018869
1629663,1629663,Louis,King,Louis King,SF,78.75,80.0,195.2,84.25,104.5,4.8,8.0,8.5,2019,2019-20,10.0,6.2,2.0,1.0,0.5,0.2,0.0,0.2,0.381,0.364,0.0,78.75,80.0,84.25,104.5,0.564516129032258
1629641,1629641,Romeo,Langford,Romeo Langford,SG,76.5,78.0,,83.0,103.0,,9.0,9.0,2019,2019-20,32.0,11.6,2.5,1.3,0.4,0.3,0.3,0.3,0.35,0.185,0.72,76.5,78.0,83.0,103.0,0.3620689655172414
1629665,1629665,Jalen,Lecque,Jalen Lecque,PG,74.5,76.25,185.2,80.5,98.5,4.0,8.75,8.5,2019,2019-20,5.0,6.4,2.0,0.4,0.4,0.0,0.0,0.4,0.4,0.0,1.0,74.5,76.25,80.5,98.5,0.43749999999999994
1629642,1629642,Nassir,Little,Nassir Little,SF,76.5,78.0,224.2,85.25,104.5,5.9,8.75,10.0,2019,2019-20,48.0,11.9,3.6,2.3,0.5,0.3,0.3,0.3,0.43,0.237,0.636,76.5,78.0,85.25,104.5,0.5378151260504201
1629611,1629611,Terance,Mann,Terance Mann,SG-SF,76.75,78.5,204.6,79.75,101.0,4.0,9.5,9.25,2019,2019-20,41.0,8.8,2.4,1.3,1.3,0.3,0.1,0.4,0.468,0.35,0.667,76.75,78.5,79.75,101.0,0.5681818181818181
1628998,1628998,Cody,Martin,Cody Martin,PG-SG,76.75,77.5,192.2,82.25,102.5,5.0,8.25,9.0,2019,2019-20,48.0,18.8,5.0,3.3,2.0,0.8,0.2,0.9,0.43,0.234,0.646,76.75,77.5,82.25,102.5,0.5478723404255319
1629667,1629667,Jalen,McDaniels,Jalen McDaniels,SF,80.25,81.75,191.6,84.25,105.5,5.7,9.0,10.0,2019,2019-20,16.0,18.3,5.6,4.1,0.8,0.5,0.2,0.7,0.471,0.375,0.824,80.25,81.75,84.25,105.5,0.5737704918032787
1629668,1629668,Zach,Norvell Jr.,Zach Norvell Jr.,SG,76.5,77.5,206.4,78.0,101.0,7.5,8.5,9.5,2019,2019-20,2.0,2.5,0.0,0.5,0.0,0.0,0.0,0.0,0.0,0.0,0.0,76.5,77.5,78.0,101.0,0.2
1629669,1629669,Jaylen,Nowell,Jaylen Nowell,SG,75.25,76.25,202.4,79.25,98.0,6.1,8.25,8.5,2019,2019-20,15.0,10.1,3.8,0.9,1.3,0.2,0.1,0.2,0.358,0.115,0.941,75.25,76.25,79.25,98.0,0.594059405940594
1629670,1629670,Jordan,Nwora,Jordan Nwora,PF,77.75,79.5,220.0,82.5,103.0,7.8,8.5,9.25,2019,2019-20,30.0,9.1,5.7,2.0,0.2,0.6,0.3,0.8,0.459,0.452,0.76,77.75,79.5,82.5,103.0,0.8681318681318682
1629644,1629644,KZ,Okpala,KZ Okpala,SF,79.25,81.5,209.6,85.75,106.5,4.6,9.25,9.25,2019,2019-20,5.0,5.2,1.4,1.0,0.2,0.4,0.2,0.2,0.6,0.0,0.5,79.25,81.5,85.75,106.5,0.5
1629671,1629671,Miye,Oni,Miye Oni,SG,76.25,77.75,205.6,82.75,100.5,4.9,9.0,10.0,2019,2019-20,10.0,10.9,3.5,1.7,0.4,0.4,0.2,0.4,0.375,0.368,0.8,76.25,77.75,82.75,100.5,0.5137614678899083
1629672,1629672,Eric,Paschall,Eric Paschall,SF,78.0,79.25,254.4,87.75,103.5,6.3,9.0,9.5,2019,2019-20,60.0,27.6,14.0,4.6,2.1,0.5,0.2,1.6,0.497,0.287,0.774,78.0,79.25,83.75,103.5,0.7500000000000001
1629617,1629617,Reggie,Perry,Reggie Perry,SF-PF,80.0,81.25,250.8,84.5,106.0,6.7,9.0,10.0,2019,2019-20,26.0,8.1,3.0,2.8,0.5,0.2,0.2,0.6,0.41,0.19,0.769,80.0,81.25,84.5,106.0,0.7777777777777778
1629044,1629044,Shamorie,Ponds,Shamorie Ponds,PG,71.5,72.5,180.0,75.5,96.5,9.8,7.75,8.0,2019,2019-20,4.0,2.8,2.3,0.3,0.5,0.0,0.3,0.0,0.6,0.5,1.0,71.5,72.5,75.5,96.5,1.107142857142857
1629673,1629673,Jordan,Poole,Jordan Poole,SG,75.5,77.5,190.8,78.75,99.5,7.5,8.25,8.5,2019,2019-20,57.0,22.4,8.8,2.1,2.4,0.6,0.2,1.3,0.333,0.279,0.798,75.5,77.5,78.75,99.5,0.5937500000000001
1629007,1629007,Jontay,Porter,Jontay Porter,PF,81.75,83.0,210.4,84.0,109.5,8.5,8.75,9.5,2019,2019-20,11.0,4.9,2.0,1.3,0.1,0.3,0.1,0.6,0.533,0.375,0.6,81.75,83.0,84.0,109.5,0.693877551020408
1629645,1629645,Kevin,Porter Jr.,Kevin Porter Jr.,SG,76.0,77.5,212.6,81.0,103.0,5.1,8.75,8.75,2019,2019-20,50.0,23.2,10.0,3.2,2.2,0.9,0.3,1.9,0.442,0.335,0.723,76.0,77.5,81.0,103.0,0.6637931034482758
1629674,1629674,Neemias,Queta,Neemias Queta,C,82.75,84.25,225.8,88.25,111.5,6.3,9.5,11.0,2019,2019-20,15.0,8.0,3.0,2.1,0.4,0.1,0.5,0.4,0.447,0.0,0.647,82.75,84.25,88.25,111.5,0.6875
1629629,1629629,Cameron,Reddish,Cameron Reddish,SF,78.5,80.0,207.8,84.5,105.5,4.7,9.0,9.0,2019,2019-20,58.0,26.7,10.5,3.7,1.5,1.1,0.5,1.7,0.384,0.332,0.802,78.5,80.0,84.5,105.5,0.5880149812734082
1629675,1629675,Naz,Reid,Naz Reid,PF,80.25,81.5,255.8,87.25,109.0,14.0,9.5,9.25,2019,2019-20,30.0,16.5,9.0,4.1,1.2,0.6,0.7,0.7,0.412,0.33,0.698,80.75,81.5,87.25,109.0,0.8666666666666666
1629676,1629676,Isaiah,Roby,Isaiah Roby,PF,79.25,80.5,214.0,85.0,106.0,3.9,9.0,10.5,2019,2019-20,3.0,3.7,0.0,0.7,0.0,0.0,0.0,0.3,0.0,0.0,0.0,79.25,80.5,85.0,106.0,0.18918918918918917
1629677,1629677,Luka,Samanic,Luka Samanic,PF,81.5,83.0,227.2,82.5,107.0,5.6,8.5,9.0,2019,2019-20,3.0,16.0,5.3,3.3,2.0,0.0,0.7,0.7,0.313,0.375,0.75,81.5,83.0,82.5,107.0,0.6625
1629678,1629678,Admiral,Schofield,Admiral Schofield,SF,76.0,77.25,240.6,81.75,102.5,6.8,8.75,9.0,2019,2019-20,33.0,11.2,3.0,1.4,0.5,0.2,0.1,0.2,0.38,0.311,0.667,76.0,77.25,81.75,102.5,0.43750000000000006
1629621,1629621,Marial,Shayok,Marial Shayok,SF-PF,76.5,77.5,196.8,84.25,103.5,4.7,8.75,9.25,2019,2019-20,4.0,7.0,2.8,1.8,0.3,0.0,0.3,0.8,0.25,0.333,0.75,76.5,77.5,84.25,103.5,0.7
1629023,1629023,P.J.,Washington,P.J. Washington,PF,78.5,80.0,230.4,86.5,106.5,8.6,9.0,10.25,2019,2019-20,58.0,30.3,12.2,5.4,2.1,0.9,0.8,1.6,0.455,0.374,0.647,78.5,80.0,86.25,106.5,0.6501650165016503
1629682,1629682,Tremont,Waters,Tremont Waters,PG,69.5,70.75,172.4,74.25,93.5,6.6,8.0,9.75,2019,2019-20,11.0,10.8,3.6,1.1,1.5,0.9,0.2,1.4,0.286,0.167,1.0,69.5,70.75,74.25,93.5,0.5740740740740741
1629683,1629683,Quinndary,Weatherspoon,Quinndary Weatherspoon,SG,75.0,76.25,206.6,81.0,100.0,6.1,8.5,9.0,2019,2019-20,11.0,7.1,1.1,0.6,1.0,0.3,0.1,0.5,0.294,0.2,0.5,75.0,76.25,81.0,100.0,0.3802816901408451
1629632,1629632,Coby,White,Coby White,PG,75.5,76.75,191.4,77.0,97.5,4.3,7.75,9.0,2019,2019-20,65.0,25.8,13.2,3.5,2.7,0.8,0.1,1.7,0.394,0.354,0.791,75.5,76.75,77.0,97.5,0.7519379844961239
1629684,1629684,Grant,Williams,Grant Williams,PF,77.75,79.5,240.2,81.75,104.5,5.4,9.0,10.5,2019,2019-20,69.0,15.1,3.4,2.6,1.0,0.4,0.5,0.7,0.412,0.25,0.722,77.75,79.5,81.75,104.5,0.4635761589403974
1629685,1629685,Dylan,Windler,Dylan Windler,SF,78.25,79.5,195.8,82.0,104.5,4.6,8.25,9.5,2019,2019-20,31.0,16.5,5.2,3.5,1.1,0.6,0.4,1.0,0.438,0.338,0.778,78.25,79.5,82.0,104.5,0.5939393939393939
1630173,1630173,Precious,Achiuwa,Precious Achiuwa,PF,79.5,80.7,234.0,84.75,108.5,6.7,9.0,10.0,2020,2020-21,61.0,12.1,5.0,3.4,0.5,0.3,0.5,0.7,0.544,0.0,0.509,79.5,80.75,84.75,108.5,0.7355371900826447
1630234,1630234,Ty-Shon,Alexander,Ty-Shon Alexander,SG,74.0,76.0,200.8,80.0,100.0,12.3,8.75,8.75,2020,2020-21,15.0,3.1,0.6,0.7,0.4,0.0,0.1,0.2,0.25,0.222,0.5,74.0,76.0,80.0,100.0,0.5483870967741934
1628962,1628962,Udoka,Azubuike,Udoka Azubuike,C,82.0,83.5,259.5,91.25,109.0,9.61,9.25,10.0,2020,2020-21,15.0,3.8,1.1,0.9,0.0,0.1,0.3,0.2,0.444,0.0,0.8,82.0,83.5,91.25,109.0,0.5263157894736842
1630189,1630189,Tyler,Bey,Tyler Bey,PF,78.0,79.0,212.8,85.25,105.5,5.0,8.5,9.0,2020,2020-21,18.0,3.9,1.0,1.1,0.2,0.0,0.1,0.2,0.318,0.25,0.6,78.0,79.0,85.25,105.5,0.5897435897435899
1629603,1629603,Mamadi,Diakite,Mamadi Diakite,PF,80.5,82.2,222.1,87.75,107.0,7.83,9.0,10.25,2020,2020-21,14.0,10.1,3.1,2.4,0.6,0.4,0.4,0.2,0.4,0.125,0.786,80.5,82.25,87.75,107.0,0.6039603960396039
1629653,1629653,Devon,Dotson,Devon Dotson,PG,72.5,73.7,185.2,75.0,95.0,4.6,8.25,10.0,2020,2020-21,11.0,4.5,2.1,0.5,0.6,0.4,0.0,0.0,0.524,0.143,0.0,72.5,73.75,75.0,95.0,0.7111111111111111
1629604,1629604,CJ,Elleby,CJ Elleby,SG-SF,77.5,78.2,198.6,79.25,100.5,4.2,8.75,10.0,2020,2020-21,30.0,6.4,2.3,1.1,0.3,0.2,0.1,0.2,0.379,0.206,0.733,77.5,78.25,79.25,100.5,0.5781249999999999
1630235,1630235,Trent,Forrest,Trent Forrest,PG,75.5,76.7,203.0,79.5,102.5,5.65,9.0,9.75,2020,2020-21,30.0,10.1,2.9,1.5,1.5,0.3,0.1,0.7,0.451,0.192,1.0,75.5,76.75,79.5,102.5,0.5841584158415842
1630182,1630182,Josh,Green,Josh Green,SG-SF,76.5,77.5,214.0,81.75,101.5,6.8,8.0,8.75,2020,2020-21,39.0,11.4,2.6,2.0,0.7,0.4,0.1,0.4,0.452,0.16,0.565,76.5,77.5,81.75,101.5,0.46491228070175433
1630204,1630204,Ashton,Hagans,Ashton Hagans,PG,73.5,74.5,193.0,80.0,99.5,4.1,9.0,9.0,2020,2020-21,2.0,2.0,0.0,0.0,0.0,0.0,0.0,0.5,0.0,0.0,0.0,73.5,74.5,80.0,99.5,0.0
1630221,1630221,Joshua,Hall,Joshua Hall,SF,78.0,79.5,196.6,83.0,104.5,7.6,8.75,9.5,2020,2020-21,21.0,16.0,4.1,2.8,1.3,0.2,0.0,1.2,0.303,0.108,0.5,78.0,79.5,83.0,104.5,0.5125
1630223,1630223,Jalen,Harris,Jalen Harris,SG,74.75,76.2,193.4,79.0,97.5,4.4,8.25,9.5,2020,2020-21,13.0,13.2,7.4,1.4,1.3,0.6,0.0,1.1,0.5,0.472,0.778,74.75,76.25,79.0,97.5,0.7651515151515152
1630210,1630210,Markus,Howard,Markus Howard,PG,69.5,71.0,170.8,72.25,91.5,9.91,8.5,7.75,2020,2020-21,37.0,5.5,2.8,0.6,0.5,0.1,0.0,0.5,0.377,0.277,0.778,69.5,71.0,72.25,91.5,0.7090909090909091
1630190,1630190,Elijah,Hughes,Elijah Hughes,SF-SG,76.75,78.5,229.0,79.5,101.5,10.2,8.5,8.75,2020,2020-21,18.0,3.6,1.7,0.5,0.3,0.1,0.1,0.3,0.333,0.348,0.75,76.75,78.5,79.5,101.5,0.6944444444444444
1630198,1630198,Isaiah,Joe,Isaiah Joe,SG,75.0,76.5,170.4,79.5,101.0,4.7,8.25,8.25,2020,2020-21,41.0,9.3,3.7,0.9,0.5,0.3,0.1,0.3,0.361,0.368,0.75,75.0,76.5,79.5,101.0,0.5483870967741936
1630222,1630222,Mason,Jones,Mason Jones,SG,75.75,77.7,207.2,79.0,102.5,8.9,8.75,8.5,2020,2020-21,26.0,11.8,5.8,2.0,1.5,0.2,0.0,1.1,0.412,0.359,0.614,75.75,77.75,79.0,102.5,0.788135593220339
1630233,1630233,Nathan,Knight,Nathan Knight,PF-C,80.0,81.7,235.0,86.0,109.5,8.2,9.0,9.5,2020,2020-21,33.0,8.5,3.8,2.2,0.2,0.3,0.3,0.5,0.37,0.182,0.8,80.0,81.75,86.0,109.5,0.7294117647058824
1630177,1630177,Theo,Maledon,Theo Maledon,PG,76.0,77.0,187.4,80.75,100.5,2.8,8.5,10.0,2020,2020-21,65.0,27.4,10.1,3.2,3.5,0.9,0.2,2.2,0.368,0.335,0.748,76.0,77.0,80.75,100.5,0.6131386861313869
1630211,1630211,Karim,Mane,Karim Mane,PG-SG,77.0,78.0,196.0,83.0,102.0,3.73,8.5,9.75,2020,2020-21,10.0,8.8,1.1,1.4,0.4,0.0,0.2,0.3,0.231,0.5,0.8,77.0,78.0,83.0,102.0,0.32954545454545453
1630230,1630230,Naji,Marshall,Naji Marshall,SF,77.75,79.0,233.5,84.75,102.5,8.7,9.25,10.5,2020,2020-21,32.0,21.9,7.7,4.6,2.8,0.8,0.3,1.2,0.392,0.349,0.707,77.75,79.0,84.75,102.5,0.6894977168949773
1630231,1630231,Kenyon,Martin Jr.,Kenyon Martin Jr.,SF-PF,78.0,79.0,213.2,79.25,102.0,5.9,8.5,8.75,2020,2020-21,45.0,23.7,9.3,5.4,1.1,0.7,0.9,0.8,0.509,0.365,0.714,78.0,79.0,79.25,102.0,0.6666666666666667
1630219,1630219,Skylar,Mays,Skylar Mays,SG,75.0,76.0,204.0,78.0,99.0,7.4,8.0,9.75,2020,2020-21,33.0,8.2,3.8,1.1,0.9,0.4,0.1,0.3,0.449,0.35,0.88,75.0,76.0,78.0,99.0,0.7073170731707319
1630192,1630192,Zeke,Nnaji,Zeke Nnaji,PF-C,81.25,82.5,246.8,86.0,105.5,5.9,9.0,10.5,2020,2020-21,42.0,9.5,3.2,1.5,0.2,0.2,0.1,0.2,0.481,0.407,0.8,81.25,82.5,86.0,105.5,0.5157894736842106
1629670,1629670,Jordan,Nwora,Jordan Nwora,SF-PF,77.75,79.0,223.0,82.25,104.0,11.68,8.5,9.25,2020,2020-21,30.0,9.1,5.7,2.0,0.2,0.6,0.3,0.8,0.459,0.452,0.76,77.75,79.0,82.25,104.0,0.8681318681318682
1629617,1629617,Reggie,Perry,Reggie Perry,PF-C,80.25,81.2,249.6,84.25,106.5,8.4,9.25,11.0,2020,2020-21,26.0,8.1,3.0,2.8,0.5,0.2,0.2,0.6,0.41,0.19,0.769,80.25,81.25,84.25,106.5,0.7777777777777778
1629619,1629619,Myles,Powell,Myles Powell,PG-SG,72.5,73.5,194.0,79.0,99.0,15.8,8.0,9.0,2020,2020-21,11.0,4.7,1.2,0.5,0.3,0.1,0.0,0.3,0.294,0.167,1.0,72.5,73.5,79.0,99.0,0.425531914893617
1630193,1630193,Immanuel,Quickley,Immanuel Quickley,SG,74.0,75.0,185.8,80.25,99.0,8.2,8.0,8.75,2020,2020-21,64.0,19.4,11.4,2.1,2.0,0.5,0.2,0.9,0.395,0.389,0.891,74.0,75.0,80.25,99.0,0.7989690721649485
1630186,1630186,Jahmi'us,Ramsey,Jahmi'us Ramsey,SG,74.5,75.7,193.4,78.0,100.5,3.4,8.75,9.75,2020,2020-21,13.0,7.2,3.1,0.8,0.5,0.3,0.1,0.2,0.395,0.263,1.0,74.5,75.75,78.0,100.5,0.6111111111111112
1630194,1630194,Paul,Reed Jr.,Paul Reed Jr.,PF,80.5,81.2,219.2,86.0,109.5,6.83,9.0,8.75,2020,2020-21,26.0,6.8,3.4,2.3,0.5,0.4,0.5,0.5,0.538,0.0,0.5,80.5,81.25,86.0,109.5,0.9117647058823528
1630208,1630208,Nick,Richards,Nick Richards,C,82.5,83.5,241.6,86.25,110.0,8.5,9.0,9.0,2020,2020-21,18.0,3.5,0.8,0.6,0.1,0.0,0.0,0.2,0.444,0.0,0.636,82.5,83.5,86.25,110.0,0.42857142857142855
1630203,1630203,Grant,Riller,Grant Riller,PG-SG,72.25,73.0,178.4,77.25,96.5,5.4,8.0,8.5,2020,2020-21,7.0,3.9,2.6,0.1,0.4,0.1,0.0,0.1,0.667,0.5,0.0,72.25,73.0,77.25,96.5,0.7948717948717949
1630206,1630206,Jayden,Scrubb,Jayden Scrubb,SG-SF,77.0,78.2,185.2,81.5,104.5,3.7,8.25,9.75,2020,2020-21,4.0,21.0,8.8,3.5,0.3,1.0,0.0,1.8,0.389,0.222,1.0,77.0,78.25,81.5,104.5,0.6000000000000001
1630188,1630188,Jalen,Smith,Jalen Smith,PF-C,81.25,82.2,224.6,86.25,110.0,3.7,9.25,9.25,2020,2020-21,27.0,5.8,2.0,1.4,0.1,0.0,0.1,0.3,0.44,0.235,0.714,81.25,82.25,86.25,110.0,0.603448275862069
1630199,1630199,Cassius,Stanley,Cassius Stanley,SG,77.0,78.2,201.6,79.0,99.5,5.8,8.25,9.0,2020,2020-21,24.0,3.9,1.5,0.8,0.0,0.0,0.1,0.0,0.302,0.231,0.778,77.0,78.25,79.0,99.5,0.5897435897435898
1630205,1630205,Lamar,Stevens,Lamar Stevens,SF-PF,77.75,78.7,228.0,81.0,101.0,6.8,8.5,9.75,2020,2020-21,40.0,12.5,4.1,2.4,0.6,0.4,0.3,0.6,0.456,0.16,0.725,77.75,78.75,81.0,101.0,0.568
1630191,1630191,Isaiah,Stewart,Isaiah Stewart,C,79.25,80.5,243.0,88.75,108.5,7.5,9.0,10.5,2020,2020-21,68.0,21.4,7.9,6.7,0.9,0.6,1.3,1.0,0.553,0.333,0.696,79.25,80.5,88.75,108.5,0.7242990654205609
1630179,1630179,Tyrell,Terry,Tyrell Terry,PG,73.5,75.0,170.0,73.75,96.0,7.6,7.5,8.25,2020,2020-21,11.0,5.1,1.0,0.5,0.5,0.5,0.0,0.2,0.313,0.0,0.333,73.5,75.0,73.75,96.0,0.3921568627450981
1629681,1629681,Killian,Tillie,Killian Tillie,PF,80.75,82.0,221.6,80.0,106.0,12.43,8.25,9.25,2020,2020-21,18.0,10.1,3.2,1.3,0.4,0.3,0.4,0.1,0.333,0.303,0.818,80.75,82.0,80.0,106.0,0.4851485148514852
1630214,1630214,Xavier,Tillman Sr.,Xavier Tillman Sr.,PF-C,79.5,80.5,266.5,86.0,106.0,8.5,10.25,11.0,2020,2020-21,59.0,18.4,6.6,4.3,1.3,0.7,0.6,0.8,0.559,0.338,0.642,79.5,80.5,86.0,106.0,0.6630434782608696
1630216,1630216,Cassius,Winston,Cassius Winston,PG,72.5,73.5,196.0,78.0,97.0,9.0,8.75,8.25,2020,2020-21,22.0,4.5,1.9,0.4,0.5,0.1,0.0,0.2,0.424,0.471,0.833,72.5,73.5,78.0,97.0,0.6222222222222222
1630218,1630218,Robert,Woodard II,Robert Woodard II,SF,77.5,79.0,230.2,86.0,105.5,4.5,9.0,10.75,2020,2020-21,13.0,3.5,1.5,1.2,0.2,0.0,0.2,0.1,0.4,0.167,0.375,77.5,79.0,86.0,105.5,0.8285714285714286
1630534,1630534,Ochai,Agbaji,Ochai Agbaji,SG,76.5,77.5,214.4,82.0,103.5,4.15,9.0,8.75,2021,2021-22,59.0,20.5,7.9,2.1,1.1,0.3,0.3,0.7,0.427,0.355,0.812,76.5,77.5,82.0,103.5,0.5414634146341464
1630542,1630542,Marcus,Bagley,Marcus Bagley,SF,78.0,79.75,216.8,83.0,102.5,7.5,8.75,8.5,2021,2021-22,5.0,20.0,4.2,5.2,0.2,0.4,1.2,0.4,0.375,0.0,0.75,78.0,79.75,83.0,102.5,0.48
1630567,1630567,Scottie,Barnes,Scottie Barnes,SF,79.0,80.0,225.4,86.75,108.0,5.3,9.25,10.25,2021,2021-22,74.0,35.4,15.3,7.5,3.5,1.1,0.7,1.8,0.492,0.301,0.735,79.0,80.0,86.75,108.0,0.7429378531073447
1629646,1629646,Charles,Bassey,Charles Bassey,C,81.25,82.25,230.2,87.0,107.5,5.9,9.0,9.5,2021,2021-22,23.0,7.3,3.0,2.7,0.3,0.2,0.7,0.3,0.638,0.0,0.75,81.25,82.25,87.0,107.5,0.8219178082191781
1630527,1630527,Brandon,Boston Jr.,Brandon Boston Jr.,SF,77.75,79.0,188.0,82.75,104.0,6.0,9.0,9.75,2021,2021-22,51.0,14.9,6.7,2.2,1.0,0.5,0.3,0.6,0.385,0.306,0.819,77.75,79.0,82.75,104.0,0.6644295302013423
1630547,1630547,James,Bouknight,James Bouknight,SG,75.5,76.75,190.0,80.25,101.5,5.5,8.75,9.0,2021,2021-22,31.0,9.8,4.6,1.7,0.8,0.2,0.0,0.5,0.348,0.347,0.871,75.5,76.75,80.25,101.5,0.7244897959183673
1630535,1630535,Greg,Brown III,Greg Brown III,PF,79.25,80.5,206.4,84.25,107.0,5.5,9.0,9.75,2021,2021-22,48.0,13.3,4.7,2.8,0.7,0.5,0.5,0.8,0.426,0.311,0.677,79.25,80.5,84.25,107.0,0.6165413533834586
1630215,1630215,Jared,Butler,Jared Butler,PG,74.25,75.75,193.0,76.0,98.5,5.1,8.5,8.25,2021,2021-22,42.0,8.6,3.8,1.1,1.5,0.4,0.2,0.8,0.404,0.318,0.688,74.25,75.75,76.0,98.5,0.744186046511628
1630577,1630577,Julian,Champagnie,Julian Champagnie,SF,78.5,79.5,217.4,82.0,106.5,8.0,9.0,8.5,2021,2021-22,2.0,3.5,0.0,0.0,0.0,0.5,0.0,0.0,0.0,0.0,0.0,78.5,79.5,82.0,106.5,0.0
1630551,1630551,Justin,Champagnie,Justin Champagnie,PF,77.75,78.75,206.4,81.5,104.0,6.3,8.75,8.5,2021,2021-22,36.0,7.8,2.3,2.0,0.3,0.2,0.1,0.2,0.463,0.357,1.0,77.75,78.75,81.5,104.0,0.5897435897435898
1630528,1630528,Josh,Christopher,Josh Christopher,SG,75.25,76.5,214.8,81.25,101.0,5.8,8.75,8.5,2021,2021-22,74.0,18.0,7.9,2.5,2.0,0.9,0.2,1.5,0.448,0.296,0.735,75.25,76.5,81.25,101.0,0.6888888888888889
1630245,1630245,Ayo,Dosunmu,Ayo Dosunmu,SG,75.5,77.0,194.4,82.25,102.0,4.9,8.5,8.75,2021,2021-22,77.0,27.4,8.8,2.8,3.3,0.8,0.4,1.4,0.52,0.376,0.679,75.5,77.0,82.25,102.0,0.5437956204379563
1630561,1630561,David,Duke Jr.,David Duke Jr.,SG,76.25,77.5,203.6,80.75,102.5,5.9,8.5,9.0,2021,2021-22,22.0,15.5,4.7,3.0,0.8,0.6,0.3,0.4,0.361,0.243,0.81,76.25,77.5,80.75,102.5,0.5483870967741935
1630556,1630556,Kessler,Edwards,Kessler Edwards,PF,79.0,80.0,203.0,83.25,106.0,4.3,8.5,8.25,2021,2021-22,48.0,20.6,5.9,3.6,0.6,0.6,0.5,0.9,0.412,0.353,0.842,79.0,80.0,83.25,106.0,0.4902912621359223
1630568,1630568,Luka,Garza,Luka Garza,C,82.0,83.25,242.8,85.5,107.5,11.7,9.0,9.25,2021,2021-22,32.0,12.2,5.8,3.1,0.6,0.3,0.2,0.6,0.449,0.327,0.623,82.0,83.25,85.5,107.5,0.778688524590164
1630564,1630564,RaiQuan,Gray,RaiQuan Gray,PF,78.5,79.75,268.6,82.75,105.0,17.3,9.25,9.0,2021,2021-22,1.0,35.0,16.0,9.0,7.0,0.0,1.0,4.0,0.5,0.4,1.0,78.5,79.75,82.75,105.0,0.9142857142857143
1629656,1629656,Quentin,Grimes,Quentin Grimes,SG,76.0,77.25,205.0,80.0,101.0,6.6,8.5,10.0,2021,2021-22,46.0,17.1,6.0,2.0,1.0,0.7,0.2,0.6,0.404,0.381,0.684,76.0,77.25,80.0,101.0,0.5263157894736842
1630573,1630573,Sam,Hauser,Sam Hauser,SF,78.75,80.0,217.4,81.25,102.0,7.9,8.25,9.0,2021,2021-22,26.0,6.1,2.5,1.1,0.4,0.0,0.1,0.1,0.46,0.432,0.0,78.75,80.0,81.25,102.0,0.6557377049180328
1630565,1630565,Aaron,Henry,Aaron Henry,SF,76.5,78.0,209.6,82.75,103.5,5.6,8.5,9.25,2021,2021-22,6.0,2.8,0.3,0.2,0.0,0.0,0.3,0.3,0.2,0.0,0.0,76.5,78.0,82.75,103.5,0.17857142857142858
1630574,1630574,Ariel,Hukporti,Ariel Hukporti,C,82.75,84.0,246.0,86.5,111.5,8.1,9.5,9.5,2021,2021-22,25.0,8.7,1.9,2.0,0.4,0.0,0.6,0.8,0.677,0.0,0.462,82.75,84.0,86.5,111.5,0.4942528735632184
1630562,1630562,Matt,Hurt,Matt Hurt,PF,80.5,81.5,232.4,81.5,106.5,15.2,9.0,9.0,2021,2021-22,8.0,14.1,4.0,2.0,0.5,0.4,0.4,0.3,0.353,0.25,1.0,80.5,81.5,81.5,106.5,0.46099290780141844
1630538,1630538,Nah'Shon,Hyland,Nah'Shon Hyland,SG,74.0,75.5,169.0,81.25,101.5,5.8,8.75,9.0,2021,2021-22,69.0,19.0,10.1,2.7,2.8,0.6,0.3,1.2,0.403,0.366,0.856,74.0,75.5,81.25,101.5,0.8210526315789475
1630525,1630525,David,Johnson,David Johnson,SG,75.25,76.75,202.8,82.5,104.0,7.5,8.25,8.5,2021,2021-22,2.0,1.0,0.0,0.0,0.0,0.0,0.0,0.0,0.0,0.0,0.0,75.25,76.75,82.5,104.0,0.0
1630552,1630552,Jalen,Johnson,Jalen Johnson,PF,79.75,81.25,209.6,84.25,106.0,4.5,9.75,10.5,2021,2021-22,22.0,5.5,2.4,1.2,0.1,0.1,0.1,0.4,0.537,0.231,0.714,79.75,81.25,84.25,106.0,0.6727272727272727
1630553,1630553,Keon,Johnson,Keon Johnson,SG,75.5,76.75,184.8,79.25,97.0,4.4,8.5,9.0,2021,2021-22,15.0,9.0,3.5,1.4,0.9,0.5,0.1,0.5,0.333,0.273,0.762,75.5,76.75,79.25,97.0,0.6444444444444445
210019,1630637,Carlik,Jones,Carlik Jones,PG,72.0,73.0,173.6,77.0,97.5,4.5,8.25,9.0,2021,2021-22,3.0,6.3,0.7,1.0,1.7,0.3,0.0,1.0,0.0,0.0,1.0,72.0,73.0,77.0,97.5,0.5396825396825397
1630539,1630539,Kai,Jones,Kai Jones,PF,82.0,83.5,221.4,85.75,110.5,4.7,9.0,9.5,2021,2021-22,21.0,3.0,1.0,0.5,0.2,0.0,0.1,0.3,0.643,0.5,0.375,82.0,83.5,85.75,110.5,0.5666666666666667
1630529,1630529,Herbert,Jones,Herbert Jones,SF,78.0,79.25,206.4,84.25,106.0,5.8,8.5,9.0,2021,2021-22,78.0,29.9,9.5,3.8,2.1,1.7,0.8,1.3,0.476,0.337,0.84,78.0,79.25,84.25,106.0,0.5150501672240803
1630548,1630548,Johnny,Juzang,Johnny Juzang,SG,77.5,79.0,209.0,82.5,100.5,8.0,8.5,9.5,2021,2021-22,18.0,12.9,4.8,2.2,0.4,0.2,0.2,0.2,0.337,0.238,0.5,77.5,79.0,82.5,100.5,0.5736434108527132
1630557,1630557,Corey,Kispert,Corey Kispert,SF,78.0,79.25,223.8,79.0,102.0,6.8,8.75,10.0,2021,2021-22,77.0,23.4,8.2,2.7,1.1,0.5,0.3,0.6,0.455,0.35,0.871,78.0,79.25,79.0,102.0,0.5128205128205128
210040,1630639,AJ,Lawson,AJ Lawson,SG-SF,77.5,78.75,179.2,78.75,99.5,4.4,8.5,9.25,2021,2021-22,1.0,2.0,2.0,1.0,0.0,0.0,0.0,0.0,1.0,0.0,0.0,77.5,78.75,78.75,99.5,1.5
1630575,1630575,Scottie,Lewis,Scottie Lewis,SF,76.0,77.25,187.6,84.0,101.5,4.7,8.75,9.75,2021,2021-22,2.0,3.5,0.5,0.0,0.5,0.5,0.0,0.0,0.0,0.0,0.5,76.0,77.25,84.0,101.5,0.2857142857142857
1630587,1630587,Isaiah,Livers,Isaiah Livers,SF,77.75,79.25,231.8,81.25,104.5,9.4,9.0,9.5,2021,2021-22,19.0,20.2,6.4,3.0,1.1,0.7,0.4,0.8,0.456,0.422,0.857,77.75,79.25,81.25,104.5,0.5198019801980198
1630572,1630572,Sandro,Mamukelashvili,Sandro Mamukelashvili,C,81.0,82.0,239.8,85.25,106.5,7.8,9.0,9.5,2021,2021-22,41.0,9.9,3.8,2.0,0.5,0.2,0.2,0.4,0.496,0.423,0.818,81.0,82.0,85.25,106.5,0.6363636363636364
1630544,1630544,Tre,Mann,Tre Mann,PG,75.25,76.25,177.6,76.0,98.5,4.1,8.0,9.0,2021,2021-22,60.0,22.8,10.4,2.9,1.5,0.8,0.2,1.2,0.393,0.36,0.793,75.25,76.25,76.0,98.5,0.6491228070175439
1630540,1630540,Miles,McBride,Miles McBride,PG,73.0,74.5,195.2,80.75,99.5,6.0,9.0,9.5,2021,2021-22,40.0,9.3,2.2,1.1,1.0,0.4,0.0,0.1,0.296,0.25,0.667,73.0,74.5,80.75,99.5,0.4623655913978495
1630558,1630558,Davion,Mitchell,Davion Mitchell,PG,72.0,73.25,202.4,76.25,96.5,6.2,8.25,8.75,2021,2021-22,75.0,27.7,11.5,2.2,4.2,0.7,0.3,1.5,0.418,0.316,0.659,72.0,73.25,76.25,96.5,0.6462093862815884
1630600,1630600,Isaiah,Mobley,Isaiah Mobley,PF,80.0,81.75,238.0,87.0,107.5,12.9,9.0,10.0,2021,2021-22,12.0,7.0,2.6,1.7,0.3,0.3,0.3,0.1,0.429,0.375,1.0,80.0,81.75,87.0,107.5,0.6571428571428571
1630541,1630541,Moses,Moody,Moses Moody,SG,76.5,78.0,210.6,84.75,105.0,6.8,9.0,10.0,2021,2021-22,52.0,11.7,4.4,1.5,0.4,0.1,0.2,0.3,0.437,0.364,0.778,76.5,78.0,84.75,105.0,0.5384615384615385
1630530,1630530,Trey,Murphy III,Trey Murphy III,SF,79.5,81.25,206.0,84.0,105.5,8.1,8.5,9.0,2021,2021-22,62.0,13.9,5.4,2.4,0.6,0.4,0.1,0.3,0.394,0.382,0.882,79.5,81.25,84.0,105.5,0.60431654676259
1630227,1630227,Daishen,Nix,Daishen Nix,PG,75.0,76.25,225.6,78.75,100.0,11.8,8.5,9.0,2021,2021-22,24.0,10.9,3.2,1.4,1.7,0.6,0.0,1.1,0.403,0.269,0.533,75.0,76.25,78.75,100.0,0.5779816513761468
1630582,1630582,Yves,Pons,Yves Pons,PF,77.5,78.75,206.4,84.75,104.0,4.0,9.0,9.25,2021,2021-22,12.0,5.9,1.1,1.0,0.1,0.1,0.3,0.1,0.313,0.333,0.0,77.5,78.75,84.75,104.0,0.3728813559322034
1630554,1630554,Jason,Preston,Jason Preston,PG,75.0,76.0,180.6,80.5,100.5,5.45,8.5,9.25,2021,2021-22,14.0,8.9,2.9,1.6,1.9,0.1,0.0,0.7,0.439,0.278,0.0,75.0,76.0,80.5,100.5,0.7191011235955056
1630563,1630563,Joshua,Primo,Joshua Primo,SG,76.0,77.0,189.0,81.25,102.5,6.3,9.0,10.0,2021,2021-22,50.0,19.3,5.8,2.3,1.6,0.4,0.5,1.1,0.374,0.307,0.746,76.0,77.0,81.25,102.5,0.5025906735751294
1629674,1629674,Neemias,Queta,Neemias Queta,C,83.25,84.5,248.4,88.0,112.5,7.6,9.25,10.5,2021,2021-22,15.0,8.0,3.0,2.1,0.4,0.1,0.5,0.4,0.447,0.0,0.647,83.25,84.5,88.0,112.5,0.6875
1630559,1630559,Austin,Reaves,Austin Reaves,SG,76.5,77.75,197.2,78.25,101.0,11.0,8.0,8.25,2021,2021-22,61.0,23.2,7.3,3.2,1.8,0.5,0.3,0.7,0.459,0.317,0.839,76.5,77.75,78.25,101.0,0.5301724137931035
1630526,1630526,Jeremiah,Robinson-Earl,Jeremiah Robinson-Earl,PF,79.75,81.0,242.4,81.75,105.5,8.9,9.0,9.75,2021,2021-22,49.0,22.2,7.5,5.6,1.0,0.6,0.3,0.8,0.414,0.352,0.741,79.75,81.0,81.75,105.5,0.6351351351351351
1630545,1630545,Terrence,Shannon Jr.,Terrence Shannon Jr.,SF,77.5,78.5,206.6,80.25,100.0,6.7,8.0,8.0,2021,2021-22,31.0,10.8,4.5,1.5,1.0,0.2,0.2,0.5,0.482,0.355,0.81,77.5,78.5,80.25,100.0,0.6481481481481481
1630579,1630579,Jericho,Sims,Jericho Sims,C,81.0,82.0,250.2,87.25,106.0,5.5,9.0,9.75,2021,2021-22,41.0,13.5,2.2,4.1,0.5,0.3,0.5,0.5,0.722,0.0,0.414,81.0,82.0,87.25,106.0,0.5037037037037037
1630531,1630531,Jaden,Springer,Jaden Springer,SG,75.0,76.25,202.0,79.75,99.0,6.3,8.5,9.75,2021,2021-22,2.0,3.0,1.0,1.0,0.0,0.0,1.0,0.5,1.0,0.0,0.0,75.0,76.25,79.75,99.0,0.6666666666666666
1630550,1630550,JT,Thor,JT Thor,PF,80.5,81.25,203.0,87.25,110.0,6.1,9.25,9.5,2021,2021-22,33.0,7.9,2.0,1.3,0.6,0.2,0.3,0.3,0.436,0.259,0.6,80.5,81.25,87.25,110.0,0.49367088607594933
1630225,1630225,Isaiah,Todd,Isaiah Todd,PF,80.75,82.0,219.0,85.25,107.5,6.2,9.0,9.75,2021,2021-22,12.0,6.2,1.7,1.0,0.3,0.3,0.2,0.3,0.269,0.25,0.333,80.75,82.0,85.25,107.5,0.48387096774193544
210037,1630613,Duane,Washington Jr.,Duane Washington Jr.,SG,74.25,75.75,196.8,79.75,101.0,5.1,8.25,8.75,2021,2021-22,48.0,20.2,9.9,1.7,1.8,0.5,0.1,1.2,0.405,0.377,0.754,74.25,75.75,79.75,101.0,0.6633663366336634
1630570,1630570,Trendon,Watford,Trendon Watford,PF,79.5,80.75,237.4,86.25,105.0,10.1,9.5,9.5,2021,2021-22,48.0,18.1,7.6,4.1,1.7,0.5,0.6,0.9,0.532,0.237,0.755,79.5,80.75,86.25,105.0,0.7403314917127071
1630580,1630580,Joe,Wieskamp,Joe Wieskamp,SF,77.75,79.25,204.8,83.0,103.0,4.1,8.5,9.25,2021,2021-22,29.0,7.1,2.1,0.5,0.3,0.1,0.1,0.1,0.357,0.326,0.538,77.75,79.25,83.0,103.0,0.4084507042253521
210038,1630598,Aaron,Wiggins,Aaron Wiggins,SG-SF,76.5,77.0,190.0,81.75,103.0,5.0,8.75,8.5,2021,2021-22,50.0,24.2,8.3,3.6,1.4,0.6,0.2,1.1,0.463,0.304,0.729,76.5,77.0,81.75,103.0,0.5495867768595042
1630533,1630533,Ziaire,Williams,Ziaire Williams,SF,80.25,81.75,188.4,82.25,106.5,4.4,9.0,8.75,2021,2021-22,62.0,21.7,8.1,2.1,1.0,0.6,0.2,0.7,0.45,0.314,0.782,80.25,81.75,82.25,106.5,0.5161290322580645
1630589,1630589,Moses,Wright,Moses Wright,PF,79.75,81.0,225.8,84.75,107.0,5.6,9.0,9.5,2021,2021-22,1.0,1.0,0.0,0.0,1.0,0.0,0.0,0.0,0.0,0.0,0.0,79.75,81.0,84.75,107.0,1.0
1630593,1630593,McKinley,Wright IV,McKinley Wright IV,PG,71.25,72.25,192.2,77.25,94.0,6.7,8.5,9.0,2021,2021-22,5.0,3.8,1.0,0.0,0.6,0.0,0.0,0.2,0.667,0.5,0.0,71.25,72.25,77.25,94.0,0.4210526315789474
1630534,1630534,Ochai,Agbaji,Ochai Agbaji,SG,76.5,77.75,216.8,82.25,104.0,5.4,8.75,9.5,2022,2022-23,59.0,20.5,7.9,2.1,1.1,0.3,0.3,0.7,0.427,0.355,0.812,76.5,77.75,82.25,104.0,0.5414634146341464
1631116,1631116,Patrick,Baldwin Jr.,Patrick Baldwin Jr.,SF,81.25,82.25,230.8,85.75,110.5,8.9,8.75,9.5,2022,2022-23,31.0,7.3,3.9,1.3,0.4,0.2,0.1,0.4,0.394,0.381,0.667,81.25,82.25,85.75,110.5,0.767123287671233
1631230,1631230,Dominick,Barlow,Dominick Barlow,PF,80.75,81.75,221.0,87.0,108.5,5.9,9.0,10.5,2022,2022-23,28.0,14.6,3.9,3.6,0.9,0.4,0.7,0.5,0.535,0.0,0.72,80.75,81.75,87.0,108.5,0.5753424657534247
1630699,1630699,MarJon,Beauchamp,MarJon Beauchamp,SG,77.25,78.5,196.6,84.75,106.0,5.3,9.0,9.0,2022,2022-23,52.0,13.5,5.1,2.2,0.7,0.4,0.1,0.9,0.395,0.331,0.73,77.25,78.5,84.75,106.0,0.5925925925925926
1631103,1631103,Malaki,Branham,Malaki Branham,SG,76.0,77.5,194.8,82.0,102.5,6.1,8.5,9.75,2022,2022-23,66.0,23.5,10.2,2.7,1.9,0.5,0.1,1.2,0.44,0.302,0.829,76.0,77.5,82.0,102.5,0.6297872340425531
1631128,1631128,Christian,Braun,Christian Braun,SG,77.5,79.0,209.2,78.5,99.5,6.2,8.0,8.5,2022,2022-23,76.0,15.5,4.7,2.4,0.8,0.5,0.2,0.5,0.495,0.354,0.625,77.5,79.0,78.5,99.5,0.5096774193548387
1631112,1631112,Kendall,Brown,Kendall Brown,SF,78.25,79.5,201.2,83.0,103.0,4.9,9.0,9.0,2022,2022-23,6.0,6.7,1.5,1.0,0.5,0.7,0.0,0.3,0.571,0.0,0.5,78.25,79.5,83.0,103.0,0.44776119402985076
1631219,1631219,John,Butler Jr.,John Butler Jr.,PF,83.75,84.75,174.4,86.25,112.0,4.7,8.5,8.75,2022,2022-23,19.0,11.6,2.4,0.9,0.6,0.4,0.5,0.1,0.321,0.229,0.75,83.75,84.75,86.25,112.0,0.33620689655172414
1630577,1630577,Julian,Champagnie,Julian Champagnie,SF,78.25,79.75,212.4,82.0,107.0,7.1,8.75,9.25,2022,2022-23,2.0,3.5,0.0,0.0,0.0,0.5,0.0,0.0,0.0,0.0,0.0,78.25,79.75,82.0,107.0,0.0
1631113,1631113,Kennedy,Chandler,Kennedy Chandler,PG,71.5,72.5,172.2,77.25,97.0,4.4,8.5,9.5,2022,2022-23,36.0,7.8,2.2,1.1,1.6,0.3,0.1,0.5,0.422,0.133,0.462,71.5,72.5,77.25,97.0,0.6282051282051283
1631108,1631108,Max,Christie,Max Christie,SG,76.25,77.75,189.2,80.75,102.5,4.8,8.0,8.5,2022,2022-23,41.0,12.5,3.1,1.8,0.5,0.2,0.2,0.3,0.415,0.419,0.875,76.25,77.75,80.75,102.5,0.43200000000000005
1630700,1630700,Dyson,Daniels,Dyson Daniels,SG,78.0,79.5,195.2,82.5,105.0,4.9,8.5,9.75,2022,2022-23,59.0,17.7,3.8,3.2,2.3,0.7,0.2,1.0,0.418,0.314,0.65,78.0,79.5,82.5,105.0,0.5254237288135594
1631098,1631098,Johnny,Davis,Johnny Davis,PG,76.25,77.75,196.4,80.5,103.5,6.7,8.5,10.25,2022,2022-23,28.0,15.1,5.8,2.3,1.0,0.4,0.3,0.6,0.386,0.243,0.519,76.25,77.75,80.5,103.5,0.6026490066225165
1631120,1631120,JD,Davison,JD Davison,PG,72.5,74.5,191.8,78.5,99.5,7.8,8.5,9.5,2022,2022-23,12.0,5.5,1.6,0.8,0.9,0.2,0.2,0.3,0.421,0.286,0.5,72.5,74.5,78.5,99.5,0.6000000000000001
1631217,1631217,Moussa,Diabate,Moussa Diabate,C,81.25,82.25,216.6,86.5,109.5,2.7,8.5,10.5,2022,2022-23,22.0,8.9,2.7,2.3,0.2,0.3,0.4,0.4,0.511,0.5,0.625,81.25,82.25,86.5,109.5,0.5842696629213483
1631106,1631106,Tari,Eason,Tari Eason,PF,78.75,80.0,217.4,86.0,107.5,5.9,9.25,11.0,2022,2022-23,82.0,21.5,9.3,6.0,1.1,1.2,0.6,1.2,0.448,0.343,0.752,78.75,80.0,86.0,107.5,0.7627906976744186
1631165,1631165,Keon,Ellis,Keon Ellis,SG,75.5,76.75,167.4,80.5,102.0,3.8,8.0,9.25,2022,2022-23,16.0,4.4,1.5,0.5,0.4,0.3,0.1,0.1,0.438,0.5,0.571,75.5,76.75,80.5,102.0,0.5454545454545454
1630701,1630701,Michael,Foster Jr.,Michael Foster Jr.,C,79.75,81.25,236.6,84.25,109.5,6.2,8.75,10.0,2022,2022-23,1.0,1.0,0.0,0.0,0.0,0.0,0.0,0.0,0.0,0.0,0.0,79.75,81.25,84.25,109.5,0.0
1631221,1631221,Collin,Gillespie,Collin Gillespie,PG,73.5,74.75,195.8,76.0,98.0,8.6,8.25,9.0,2022,2022-23,24.0,9.4,3.6,0.9,1.1,0.5,0.0,0.6,0.464,0.395,0.667,73.5,74.75,76.0,98.0,0.5957446808510638
1631199,1631199,Ron,Harper Jr.,Ron Harper Jr.,SF,76.0,77.5,240.4,85.25,105.5,14.3,9.5,10.0,2022,2022-23,9.0,5.3,2.2,0.8,0.4,0.0,0.1,0.0,0.5,0.333,1.0,76.0,77.5,85.25,105.5,0.6415094339622641
1631127,1631127,Harrison,Ingram,Harrison Ingram,SF,77.25,79.0,232.8,84.25,103.5,8.3,9.0,10.0,2022,2022-23,3.0,5.7,0.7,1.7,0.3,0.3,0.0,0.0,0.333,0.0,0.0,77.25,79.0,84.25,103.5,0.4736842105263157
1631107,1631107,Nikola,Jovic,Nikola Jovic,SF,81.5,83.0,222.6,84.25,108.5,7.4,8.75,9.75,2022,2022-23,15.0,13.6,5.5,2.1,0.7,0.5,0.1,0.7,0.406,0.229,0.947,81.5,83.0,84.25,108.5,0.6102941176470588
1630548,1630548,Johnny,Juzang,Johnny Juzang,SG,77.25,78.5,208.6,83.0,102.5,7.5,8.5,9.5,2022,2022-23,18.0,12.9,4.8,2.2,0.4,0.2,0.2,0.2,0.337,0.238,0.5,77.25,78.5,83.0,102.5,0.5736434108527132
1631211,1631211,Trevor,Keels,Trevor Keels,SG,75.25,76.75,223.8,79.25,101.0,13.5,8.25,9.0,2022,2022-23,3.0,2.7,1.0,0.7,0.0,0.0,0.0,0.0,0.25,0.25,0.0,75.25,76.75,79.25,101.0,0.6296296296296295
1631117,1631117,Walker,Kessler,Walker Kessler,C,84.25,85.0,256.0,88.25,113.0,14.7,8.5,8.5,2022,2022-23,74.0,23.0,9.2,8.4,0.9,0.4,2.3,0.8,0.72,0.333,0.516,84.25,85.0,88.25,113.0,0.8043478260869565
1631132,1631132,Christian,Koloko,Christian Koloko,C,82.75,84.0,221.0,89.25,113.0,5.7,9.0,10.75,2022,2022-23,58.0,13.8,3.1,2.9,0.5,0.4,1.0,0.3,0.48,0.083,0.627,82.75,84.0,89.25,113.0,0.47101449275362317
1631222,1631222,Jake,LaRavia,Jake LaRavia,PF,78.75,80.0,227.2,81.5,104.0,9.0,8.5,10.25,2022,2022-23,35.0,11.8,3.0,1.8,0.6,0.3,0.1,0.5,0.389,0.338,0.778,78.75,80.0,81.5,104.0,0.45762711864406774
1630604,1630604,E.J.,Liddell,E.J. Liddell,PF,77.5,79.0,243.0,83.75,103.5,12.2,8.25,9.25,2022,2022-23,8.0,2.9,0.5,0.6,0.1,0.3,0.3,0.3,0.167,0.0,1.0,77.5,79.0,83.75,103.5,0.4137931034482759
1631097,1631097,Bennedict,Mathurin,Bennedict Mathurin,SG,76.5,78.0,204.6,81.0,104.0,5.7,8.5,9.75,2022,2022-23,78.0,28.5,16.7,4.1,1.5,0.6,0.2,1.9,0.434,0.323,0.828,76.5,78.0,81.0,104.0,0.7824561403508771
1631121,1631121,Bryce,McGowens,Bryce McGowens,SG,77.25,78.5,181.2,80.75,103.5,5.4,8.75,9.5,2022,2022-23,46.0,17.1,5.3,2.0,1.2,0.3,0.1,0.9,0.396,0.325,0.75,77.25,78.5,80.75,103.5,0.49707602339181284
1631159,1631159,Leonard,Miller,Leonard Miller,SF,80.5,82.0,211.0,86.0,106.5,5.7,9.25,10.5,2022,2022-23,17.0,3.1,1.7,1.2,0.5,0.1,0.1,0.1,0.65,0.4,0.5,80.5,82.0,86.0,106.5,1.096774193548387
1631111,1631111,Wendell,Moore,Wendell Moore,SG,76.25,77.5,217.2,84.5,101.0,7.5,8.75,10.25,2022,2022-23,29.0,5.3,1.4,0.6,0.6,0.3,0.2,0.3,0.419,0.118,0.8,76.25,77.5,84.5,101.0,0.4905660377358491
1629614,1629614,Andrew,Nembhard,Andrew Nembhard,PG,75.0,76.5,195.6,77.75,99.0,4.4,8.0,9.5,2022,2022-23,75.0,27.7,9.5,2.7,4.5,0.9,0.2,1.7,0.441,0.35,0.79,75.0,76.5,77.75,99.0,0.6028880866425993
1630590,1630590,Scotty,Pippen Jr.,Scotty Pippen Jr.,PG,72.0,73.5,180.0,77.75,95.5,5.3,7.75,9.0,2022,2022-23,6.0,5.3,2.3,0.7,0.3,0.3,0.2,0.3,0.333,0.333,0.556,72.0,73.5,77.75,95.5,0.6226415094339622
1631115,1631115,Orlando,Robinson,Orlando Robinson,C,81.75,83.0,244.4,88.0,111.0,9.5,8.75,10.0,2022,2022-23,31.0,13.7,3.7,4.1,0.8,0.4,0.4,0.5,0.528,0.0,0.71,81.75,83.0,88.0,111.0,0.6277372262773723
1631223,1631223,David,Roddy,David Roddy,PF,76.5,78.0,260.8,83.5,105.0,11.6,8.75,10.0,2022,2022-23,70.0,18.0,6.7,2.8,0.8,0.4,0.3,0.8,0.429,0.307,0.631,76.5,78.0,83.5,105.0,0.5722222222222223
1631157,1631157,Ryan,Rollins,Ryan Rollins,SG,74.0,75.25,179.2,81.75,100.5,5.0,8.0,8.5,2022,2022-23,12.0,5.2,1.9,1.0,0.5,0.1,0.1,1.3,0.35,0.333,1.0,74.0,75.25,81.75,100.5,0.6538461538461539
1631220,1631220,Dereon,Seabron,Dereon Seabron,SG,76.75,77.75,182.4,80.75,103.5,4.0,8.5,9.5,2022,2022-23,5.0,2.4,0.8,0.2,0.0,0.0,0.0,0.0,0.4,0.0,0.0,76.75,77.75,80.75,103.5,0.4166666666666667
1631101,1631101,Shaedon,Sharpe,Shaedon Sharpe,SG,76.25,77.25,198.0,83.5,103.5,4.8,9.0,9.25,2022,2022-23,80.0,22.2,9.9,3.0,1.2,0.5,0.3,1.0,0.472,0.36,0.714,76.25,77.25,83.5,103.5,0.6351351351351351
1631173,1631173,Terquavion,Smith,Terquavion Smith,SG,74.25,75.75,165.2,78.5,98.0,3.8,8.5,8.0,2022,2022-23,16.0,5.3,3.3,0.3,0.8,0.5,0.0,0.4,0.391,0.371,0.6,74.25,75.75,78.5,98.0,0.830188679245283
1631124,1631124,Julian,Strawther,Julian Strawther,SF,77.75,79.0,207.6,81.5,104.5,7.9,8.25,8.5,2022,2022-23,50.0,10.9,4.5,1.2,0.9,0.3,0.1,0.5,0.369,0.297,0.71,77.75,79.0,81.5,104.5,0.6055045871559633
1631207,1631207,Dalen,Terry,Dalen Terry,SG,78.0,79.25,195.2,84.75,106.0,5.4,8.5,9.0,2022,2022-23,38.0,5.6,2.2,1.0,0.6,0.3,0.1,0.2,0.444,0.259,0.667,78.0,79.25,84.75,106.0,0.6785714285714287
1631166,1631166,Drew,Timme,Drew Timme,C,80.25,81.25,231.6,86.0,107.5,15.7,9.0,10.0,2022,2022-23,4.0,24.8,11.3,5.0,1.8,0.8,0.3,1.5,0.541,0.182,0.75,80.25,81.25,86.0,107.5,0.7298387096774194
1631133,1631133,Jabari,Walker,Jabari Walker,PF,78.75,80.0,213.8,82.75,105.0,12.1,8.75,9.75,2022,2022-23,56.0,11.1,3.9,2.3,0.6,0.2,0.2,0.5,0.419,0.286,0.756,78.75,80.0,82.75,105.0,0.6126126126126126
1631102,1631102,TyTy,Washington Jr.,TyTy Washington Jr.,SG,74.25,75.75,196.4,80.0,99.5,12.0,8.5,9.25,2022,2022-23,31.0,14.0,4.7,1.5,1.5,0.5,0.1,0.5,0.363,0.238,0.556,74.25,75.75,80.0,99.5,0.55
1631212,1631212,Peyton,Watson,Peyton Watson,SF,78.75,80.0,203.4,84.5,107.5,5.2,8.5,9.5,2022,2022-23,23.0,8.1,3.3,1.6,0.5,0.1,0.5,0.3,0.492,0.429,0.55,78.75,80.0,84.5,107.5,0.6666666666666667
1631104,1631104,Blake,Wesley,Blake Wesley,SG,75.0,76.25,187.2,81.25,103.0,5.6,8.25,9.0,2022,2022-23,37.0,18.1,5.0,2.2,2.6,0.7,0.1,1.8,0.321,0.385,0.591,75.0,76.25,81.25,103.0,0.5414364640883977
1631214,1631214,Alondes,Williams,Alondes Williams,SG,75.75,77.0,209.0,79.0,102.0,7.2,8.5,9.25,2022,2022-23,1.0,5.0,0.0,1.0,0.0,0.0,0.0,2.0,0.0,0.0,0.0,75.75,77.0,79.0,102.0,0.2
1631114,1631114,Jalen,Williams,Jalen Williams,SG,76.5,77.75,209.2,86.25,105.5,8.9,8.5,9.5,2022,2022-23,75.0,30.3,14.1,4.5,3.3,1.4,0.5,1.6,0.521,0.356,0.812,76.5,77.75,86.25,105.5,0.7227722772277229
1631119,1631119,Jaylin,Williams,Jaylin Williams,C,80.75,82.0,236.6,85.0,108.5,8.0,8.5,10.5,2022,2022-23,49.0,18.7,5.9,4.9,1.6,0.6,0.2,0.8,0.436,0.407,0.704,80.75,82.0,85.0,108.5,0.663101604278075
1631109,1631109,Mark,Williams,Mark Williams,C,84.0,86.0,242.4,90.5,117.0,5.4,9.0,9.75,2022,2022-23,43.0,19.3,9.0,7.1,0.4,0.7,1.0,0.9,0.637,0.0,0.691,84.0,86.0,90.5,117.0,0.854922279792746
1641725,1641725,Trey,Alexander,Trey Alexander,SG,75.25,,184.6,82.0,101.5,,8.5,8.75,2023,2023-24,23.0,4.8,1.3,0.5,0.5,0.0,0.0,0.2,0.3,0.176,0.75,75.25,,82.0,101.5,0.47916666666666663
1641735,1641735,Amari,Bailey,Amari Bailey,SG,75.25,,190.8,79.0,103.5,,8.0,9.25,2023,2023-24,10.0,6.5,2.3,0.9,0.7,0.3,0.0,0.4,0.333,0.125,0.857,75.25,,79.0,103.5,0.5999999999999999
1641734,1641734,Emoni,Bates,Emoni Bates,SF,80.25,,179.2,81.0,105.0,,8.0,8.25,2023,2023-24,15.0,8.9,2.7,0.9,0.7,0.1,0.1,0.5,0.306,0.303,0.25,80.25,,81.0,105.0,0.4831460674157303
1641736,1641736,Reece,Beekman,Reece Beekman,PG,73.5,,190.6,79.0,100.5,,8.5,8.25,2023,2023-24,2.0,2.0,1.0,0.5,0.5,0.5,0.0,0.0,1.0,0.0,0.0,73.5,,79.0,100.5,1.0
1641710,1641710,Anthony,Black,Anthony Black,PG,77.75,,210.0,79.5,102.5,,8.25,9.5,2023,2023-24,69.0,16.9,4.6,2.0,1.3,0.5,0.3,0.8,0.466,0.394,0.613,77.75,,79.5,102.5,0.46745562130177515
1641737,1641737,Adem,Bona,Adem Bona,C,80.25,,243.4,,110.5,,9.25,10.0,2023,2023-24,53.0,14.2,5.0,3.8,0.4,0.4,1.1,0.9,0.707,0.0,0.684,80.25,,,110.5,0.6478873239436621
1641738,1641738,Kobe,Brown,Kobe Brown,PF,78.5,,252.2,84.75,106.5,,8.75,9.75,2023,2023-24,44.0,9.0,2.0,1.4,0.6,0.3,0.1,0.2,0.411,0.292,0.5,78.5,,84.75,106.5,0.4444444444444444
1641723,1641723,Kobe,Bufkin,Kobe Bufkin,SG,76.25,,186.8,79.75,102.5,,8.0,9.25,2023,2023-24,17.0,11.5,4.8,1.9,1.6,0.4,0.3,0.6,0.37,0.225,0.5,76.25,,79.75,102.5,0.7217391304347825
1641739,1641739,Toumani,Camara,Toumani Camara,PF,79.0,,220.4,84.5,107.0,,9.0,10.0,2023,2023-24,70.0,24.8,7.5,4.9,1.2,0.9,0.5,1.2,0.45,0.337,0.758,79.0,,84.5,107.0,0.5483870967741935
1631321,1631321,Sidy,Cissoko,Sidy Cissoko,SF,77.5,,223.8,81.75,104.0,,9.25,10.0,2023,2023-24,12.0,11.8,3.8,1.8,0.8,0.6,0.3,0.3,0.485,0.083,0.8,77.5,,81.75,104.0,0.5423728813559321
1641740,1641740,Jaylen,Clark,Jaylen Clark,SG,76.0,,204.2,81.0,101.5,,8.5,9.0,2023,2023-24,35.0,13.9,4.5,1.3,0.7,1.0,0.1,0.2,0.479,0.431,0.759,76.0,,81.0,101.5,0.4676258992805755
1641741,1641741,Ricky,Council IV,Ricky Council IV,SF,77.0,,208.0,81.0,103.0,,7.75,8.5,2023,2023-24,32.0,9.0,5.4,1.4,0.5,0.3,0.0,0.2,0.482,0.375,0.746,77.0,,81.0,103.0,0.8111111111111112
1641711,1641711,Gradey,Dick,Gradey Dick,SG,78.25,,204.0,80.75,101.0,,8.25,9.0,2023,2023-24,60.0,21.1,8.5,2.2,1.1,0.6,0.0,0.8,0.425,0.365,0.863,78.25,,80.75,101.0,0.5592417061611373
1641744,1641744,Zach,Edey,Zach Edey,C,87.25,,306.4,94.5,115.5,,9.75,11.0,2023,2023-24,62.0,20.8,9.2,7.8,0.9,0.5,1.3,1.3,0.578,0.375,0.726,87.25,,94.5,115.5,0.860576923076923
1641745,1641745,Adam,Flagler,Adam Flagler,PG,73.0,,191.8,76.5,97.0,,8.0,9.25,2023,2023-24,2.0,7.0,1.5,0.0,2.0,0.0,0.0,0.0,0.143,0.167,0.0,73.0,,76.5,97.0,0.5
1631243,1631243,Mouhamed,Gueye,Mouhamed Gueye,C,82.25,,212.6,87.25,110.5,,9.0,10.0,2023,2023-24,6.0,12.2,4.0,3.7,0.7,0.8,0.7,0.2,0.348,0.333,0.833,82.25,,87.25,110.5,0.6885245901639345
1641722,1641722,Jordan,Hawkins,Jordan Hawkins,SG,76.25,,186.0,78.75,101.5,,8.25,8.75,2023,2023-24,67.0,17.3,7.8,2.2,1.0,0.3,0.1,0.6,0.382,0.366,0.838,76.25,,78.75,101.5,0.6358381502890174
1641707,1641707,Taylor,Hendricks,Taylor Hendricks,PF,80.25,,213.6,84.5,107.0,,9.25,10.25,2023,2023-24,40.0,21.4,7.3,4.6,0.8,0.7,0.8,0.7,0.45,0.379,0.793,80.25,,84.5,107.0,0.5934579439252337
1641720,1641720,Jalen,Hood-Schifino,Jalen Hood-Schifino,PG,76.25,,216.6,82.25,100.5,,9.0,9.75,2023,2023-24,21.0,5.2,1.6,0.6,0.4,0.1,0.1,0.4,0.222,0.133,0.6,76.25,,82.25,100.5,0.5
1641713,1641713,GG,Jackson,GG Jackson,PF,80.25,,214.4,83.5,106.0,,8.5,10.0,2023,2023-24,48.0,25.7,14.6,4.1,1.2,0.6,0.5,1.4,0.428,0.357,0.752,80.25,,83.5,106.0,0.7743190661478598
1641748,1641748,Andre,Jackson Jr.,Andre Jackson Jr.,SF,77.5,,198.4,81.75,103.0,,8.25,9.5,2023,2023-24,57.0,10.0,2.2,2.0,0.9,0.3,0.1,0.5,0.5,0.37,0.727,77.5,,81.75,103.0,0.51
1631218,1631218,Trayce,Jackson-Davis,Trayce Jackson-Davis,C,80.25,,240.4,85.0,106.0,,9.25,10.75,2023,2023-24,68.0,16.6,7.9,5.0,1.2,0.4,1.1,0.7,0.702,0.0,0.561,80.25,,85.0,106.0,0.8493975903614457
1631170,1631170,Jaime,Jaquez Jr.,Jaime Jaquez Jr.,SF,78.0,,226.4,81.5,99.5,,8.5,9.5,2023,2023-24,75.0,28.2,11.9,3.8,2.6,1.0,0.3,1.5,0.489,0.322,0.811,78.0,,81.5,99.5,0.648936170212766
1641749,1641749,Keyontae,Johnson,Keyontae Johnson,SF,76.0,,238.6,84.0,103.0,,9.0,9.0,2023,2023-24,9.0,7.3,1.2,1.1,0.4,0.1,0.0,0.4,0.313,0.333,0.0,76.0,,84.0,103.0,0.3698630136986301
1641732,1641732,Colby,Jones,Colby Jones,SG,76.5,,199.2,80.0,103.0,,8.25,8.5,2023,2023-24,30.0,6.4,2.1,1.3,0.7,0.2,0.2,0.3,0.394,0.091,0.545,76.5,,80.0,103.0,0.640625
1641721,1641721,Maxwell,Lewis,Maxwell Lewis,SG,78.25,,207.2,84.0,104.5,,8.75,9.5,2023,2023-24,34.0,3.0,0.3,0.1,0.2,0.1,0.0,0.3,0.19,0.111,0.667,78.25,,84.0,104.5,0.20000000000000004
1641753,1641753,Chris,Livingston,Chris Livingston,SF,78.0,,219.2,83.25,104.5,,8.5,9.0,2023,2023-24,21.0,4.3,1.2,1.0,0.2,0.1,0.0,0.2,0.5,0.2,0.75,78.0,,83.25,104.5,0.558139534883721
1641754,1641754,Seth,Lundy,Seth Lundy,SF,76.0,,214.4,82.25,104.0,,8.5,9.0,2023,2023-24,9.0,5.8,1.6,0.8,0.0,0.0,0.0,0.1,0.235,0.231,0.75,76.0,,82.25,104.0,0.4137931034482759
1641757,1641757,Jordan,Miller,Jordan Miller,SF,76.5,,191.6,83.75,103.5,,8.5,9.25,2023,2023-24,8.0,3.5,1.6,0.6,0.0,0.0,0.0,0.1,0.556,0.5,1.0,76.5,,83.75,103.5,0.6285714285714287
1631159,1631159,Leonard,Miller,Leonard Miller,PF,81.25,,212.8,86.0,106.5,,9.5,10.5,2023,2023-24,17.0,3.1,1.7,1.2,0.5,0.1,0.1,0.1,0.65,0.4,0.5,81.25,,86.0,106.5,1.096774193548387
1631200,1631200,Kris,Murray,Kris Murray,PF,79.75,,212.8,83.75,106.0,,8.5,9.0,2023,2023-24,62.0,21.7,6.1,3.6,1.3,0.9,0.3,0.9,0.396,0.268,0.661,79.75,,83.75,106.0,0.5069124423963134
1641763,1641763,Julian,Phillips,Julian Phillips,SF,78.75,,196.6,83.5,102.0,,8.5,9.0,2023,2023-24,40.0,8.1,2.2,0.9,0.3,0.2,0.2,0.3,0.416,0.316,0.684,78.75,,83.5,102.0,0.4197530864197531
1629618,1629618,Jalen,Pickett,Jalen Pickett,PG,74.0,,197.8,79.25,98.5,,8.5,7.5,2023,2023-24,27.0,4.5,1.6,0.5,0.8,0.1,0.0,0.3,0.429,0.36,0.75,74.0,,79.25,98.5,0.6444444444444445
1641764,1641764,Brandin,Podziemski,Brandin Podziemski,SG,75.75,,203.8,77.5,96.5,,8.25,10.0,2023,2023-24,74.0,26.6,9.2,5.8,3.7,0.8,0.2,1.2,0.454,0.385,0.633,75.75,,77.5,96.5,0.7030075187969924
1641765,1641765,Olivier-Maxence,Prosper,Olivier-Maxence Prosper,PF,78.75,,212.4,85.0,104.0,,8.25,10.0,2023,2023-24,40.0,8.4,3.0,2.0,0.6,0.2,0.1,0.2,0.385,0.289,0.683,78.75,,85.0,104.0,0.6666666666666666
1641712,1641712,Rayan,Rupert,Rayan Rupert,SF,78.0,,193.2,86.0,106.0,,8.5,9.5,2023,2023-24,39.0,16.2,4.0,2.4,1.6,0.3,0.1,0.8,0.335,0.359,0.76,78.0,,86.0,106.0,0.4938271604938272
1641766,1641766,Adama,Sanogo,Adama Sanogo,C,79.25,,257.8,86.75,108.5,,9.75,10.0,2023,2023-24,9.0,7.3,4.0,4.0,0.0,0.1,0.0,0.6,0.519,0.0,0.667,79.25,,86.75,108.5,1.095890410958904
1631204,1631204,Marcus,Sasser,Marcus Sasser,PG,73.25,,195.6,79.0,99.5,,8.75,9.5,2023,2023-24,71.0,19.0,8.3,1.8,3.3,0.6,0.2,1.3,0.428,0.375,0.879,73.25,,79.0,99.5,0.7052631578947369
1630545,1630545,Terrence,Shannon Jr.,Terrence Shannon Jr.,SF,77.5,,220.0,80.0,102.0,,8.25,8.0,2023,2023-24,31.0,10.8,4.5,1.5,1.0,0.2,0.2,0.5,0.482,0.355,0.81,77.5,,80.0,102.0,0.6481481481481481
1641767,1641767,Ben,Sheppard,Ben Sheppard,SG,77.25,,194.6,79.75,100.0,,8.5,9.5,2023,2023-24,57.0,14.3,4.4,1.6,0.9,0.6,0.0,0.3,0.393,0.314,0.885,77.25,,79.75,100.0,0.4825174825174825
1641771,1641771,Jalen,Slawson,Jalen Slawson,PF,78.5,,221.6,83.75,106.0,,9.0,9.0,2023,2023-24,12.0,3.1,0.7,0.6,0.2,0.1,0.1,0.2,0.667,0.0,0.0,78.5,,83.75,106.0,0.4838709677419354
1631173,1631173,Terquavion,Smith,Terquavion Smith,SG,74.5,,163.2,78.75,98.0,,8.5,8.0,2023,2023-24,16.0,5.3,3.3,0.3,0.8,0.5,0.0,0.4,0.391,0.371,0.6,74.5,,78.75,98.0,0.830188679245283
1631124,1631124,Julian,Strawther,Julian Strawther,SF,78.0,,208.8,81.25,105.0,,8.25,8.25,2023,2023-24,50.0,10.9,4.5,1.2,0.9,0.3,0.1,0.5,0.369,0.297,0.71,78.0,,81.25,105.0,0.6055045871559633
1641708,1641708,Amen,Thompson,Amen Thompson,SG,77.75,,214.2,84.0,103.5,,8.5,8.5,2023,2023-24,62.0,22.4,9.5,6.6,2.6,1.3,0.6,1.5,0.536,0.138,0.684,77.75,,84.0,103.5,0.8348214285714287
1641709,1641709,Ausar,Thompson,Ausar Thompson,SG,77.75,,218.2,84.0,104.0,,8.75,9.25,2023,2023-24,63.0,25.1,8.8,6.4,1.9,1.1,0.9,1.3,0.483,0.186,0.597,77.75,,84.0,104.0,0.6812749003984064
1631166,1631166,Drew,Timme,Drew Timme,C,80.75,,243.2,85.75,108.5,,9.0,10.0,2023,2023-24,4.0,24.8,11.3,5.0,1.8,0.8,0.3,1.5,0.541,0.182,0.75,80.75,,85.75,108.5,0.7298387096774194
1631131,1631131,Oscar,Tshiebwe,Oscar Tshiebwe,C,79.25,,253.6,87.5,108.0,,9.75,10.25,2023,2023-24,8.0,5.3,3.3,2.0,0.3,0.3,0.1,0.0,0.5,0.0,0.75,79.25,,87.5,108.0,1.0566037735849056
1641774,1641774,Tristan,Vukcevic,Tristan Vukcevic,C,83.25,,223.4,86.5,111.0,,9.0,10.25,2023,2023-24,10.0,15.3,8.5,3.6,1.3,0.5,0.7,1.0,0.433,0.278,0.773,83.25,,86.5,111.0,0.8758169934640523
1641716,1641716,Jarace,Walker,Jarace Walker,PF,78.5,,248.6,86.5,104.5,,9.0,10.0,2023,2023-24,33.0,10.3,3.6,1.9,1.2,0.5,0.3,0.5,0.409,0.4,0.889,78.5,,86.5,104.5,0.6504854368932038
1641717,1641717,Cason,Wallace,Cason Wallace,PG,74.5,,195.2,80.5,101.0,,8.5,9.25,2023,2023-24,82.0,20.6,6.8,2.3,1.5,0.9,0.5,0.5,0.491,0.419,0.784,74.5,,80.5,101.0,0.5145631067961165
1641775,1641775,Jordan,Walsh,Jordan Walsh,SF,77.75,,204.0,85.75,107.0,,8.75,8.5,2023,2023-24,9.0,9.2,1.7,2.2,0.6,0.6,0.1,0.3,0.4,0.222,0.5,77.75,,85.75,107.0,0.48913043478260876
1641727,1641727,Dariq,Whitehead,Dariq Whitehead,SG,77.75,,217.2,82.25,103.5,,8.5,10.0,2023,2023-24,2.0,12.0,1.5,2.0,1.5,0.0,0.5,0.0,0.2,0.0,0.5,77.75,,82.25,103.5,0.4166666666666667
1641715,1641715,Cam,Whitmore,Cam Whitmore,SF,77.75,,235.0,80.5,103.5,,8.0,8.25,2023,2023-24,47.0,18.7,12.3,3.8,0.7,0.6,0.4,1.0,0.454,0.359,0.679,77.75,,80.5,103.5,0.8983957219251337
1630592,1630592,Jalen,Wilson,Jalen Wilson,SF,77.5,,230.2,80.0,99.5,,8.25,9.0,2023,2023-24,43.0,15.5,5.0,3.0,1.0,0.3,0.1,0.4,0.425,0.324,0.826,77.5,,80.0,99.5,0.5806451612903226
1631209,1631209,Isaiah,Wong,Isaiah Wong,SG,74.5,,178.4,78.75,97.5,,8.25,9.5,2023,2023-24,1.0,4.0,2.0,0.0,0.0,0.0,0.0,0.0,0.333,0.0,0.0,74.5,,78.75,97.5,0.5
